date,winner,loser,game,event,winner_score,loser_score
2025-01-06,Nova Esports,Nightfall,CS2,Demo League,13,6
2025-01-06,Meridian,Solstice,CS2,Demo League,13,10
2025-01-06,Nova Esports,Meridian,CS2,Demo League,13,4
2025-01-06,Vertex Gaming,Nova Esports,CS2,Demo League,13,11
2025-01-06,Meridian,Kappa Squad,CS2,Demo League,13,10
2025-01-07,Solstice,Ironclad,CS2,Demo League,13,7
2025-01-07,Zenith Nine,Nightfall,CS2,Demo League,13,2
2025-01-07,Kappa Squad,Zenith Nine,CS2,Demo League,13,9
2025-01-07,Meridian,Zenith Nine,CS2,Demo League,13,6
2025-01-07,Vertex Gaming,Kappa Squad,CS2,Demo League,13,10
2025-01-08,Ironclad,Nova Esports,CS2,Demo League,13,9
2025-01-08,Ironclad,Zenith Nine,CS2,Demo League,13,2
2025-01-08,Meridian,Solstice,CS2,Demo League,13,8
2025-01-08,Nova Esports,Meridian,CS2,Demo League,13,2
2025-01-08,Vertex Gaming,Nova Esports,CS2,Demo League,13,7
2025-01-09,Nova Esports,Meridian,CS2,Demo League,13,11
2025-01-09,Solstice,Ironclad,CS2,Demo League,13,2
2025-01-09,Kappa Squad,Zenith Nine,CS2,Demo League,13,11
2025-01-09,Ironclad,Nightfall,CS2,Demo League,13,2
2025-01-09,Solstice,Zenith Nine,CS2,Demo League,13,7
2025-01-10,Nova Esports,Meridian,CS2,Demo League,13,10
2025-01-10,Solstice,Meridian,CS2,Demo League,13,5
2025-01-10,Nova Esports,Nightfall,CS2,Demo League,13,11
2025-01-10,Nova Esports,Vertex Gaming,CS2,Demo League,13,5
2025-01-10,Meridian,Kappa Squad,CS2,Demo League,13,2
2025-01-11,Vertex Gaming,Meridian,CS2,Demo League,13,10
2025-01-11,Nova Esports,Zenith Nine,CS2,Demo League,13,11
2025-01-11,Kappa Squad,Zenith Nine,CS2,Demo League,13,11
2025-01-11,Meridian,Nightfall,CS2,Demo League,13,5
2025-01-11,Meridian,Nightfall,CS2,Demo League,13,6
2025-01-12,Ironclad,Nightfall,CS2,Demo League,13,3
2025-01-12,Vertex Gaming,Meridian,CS2,Demo League,13,4
2025-01-12,Kappa Squad,Nova Esports,CS2,Demo League,13,6
2025-01-12,Meridian,Nova Esports,CS2,Demo League,13,7
2025-01-12,Meridian,Zenith Nine,CS2,Demo League,13,2
2025-01-13,Solstice,Meridian,CS2,Demo League,13,7
2025-01-13,Meridian,Nova Esports,CS2,Demo League,13,8
2025-01-13,Kappa Squad,Meridian,CS2,Demo League,13,3
2025-01-13,Solstice,Nova Esports,CS2,Demo League,13,5
2025-01-13,Vertex Gaming,Zenith Nine,CS2,Demo League,13,9
2025-01-14,Solstice,Nightfall,CS2,Demo League,13,8
2025-01-14,Solstice,Nightfall,CS2,Demo League,13,9
2025-01-14,Nova Esports,Nightfall,CS2,Demo League,13,3
2025-01-14,Nova Esports,Solstice,CS2,Demo League,13,6
2025-01-14,Meridian,Zenith Nine,CS2,Demo League,13,11
2025-01-15,Ironclad,Vertex Gaming,CS2,Demo League,13,3
2025-01-15,Kappa Squad,Ironclad,CS2,Demo League,13,7
2025-01-15,Ironclad,Zenith Nine,CS2,Demo League,13,5
2025-01-15,Vertex Gaming,Zenith Nine,CS2,Demo League,13,4
2025-01-15,Nightfall,Meridian,CS2,Demo League,13,11
2025-01-16,Solstice,Vertex Gaming,CS2,Demo League,13,3
2025-01-16,Ironclad,Nova Esports,CS2,Demo League,13,2
2025-01-16,Solstice,Meridian,CS2,Demo League,13,4
2025-01-16,Meridian,Kappa Squad,CS2,Demo League,13,11
2025-01-16,Solstice,Meridian,CS2,Demo League,13,3
2025-01-17,Vertex Gaming,Ironclad,CS2,Demo League,13,5
2025-01-17,Ironclad,Nightfall,CS2,Demo League,13,8
2025-01-17,Vertex Gaming,Meridian,CS2,Demo League,13,11
2025-01-17,Ironclad,Zenith Nine,CS2,Demo League,13,9
2025-01-17,Meridian,Zenith Nine,CS2,Demo League,13,6
2025-01-18,Zenith Nine,Ironclad,CS2,Demo League,13,3
2025-01-18,Kappa Squad,Meridian,CS2,Demo League,13,3
2025-01-18,Solstice,Kappa Squad,CS2,Demo League,13,11
2025-01-18,Zenith Nine,Meridian,CS2,Demo League,13,9
2025-01-18,Vertex Gaming,Nightfall,CS2,Demo League,13,4
2025-01-19,Nova Esports,Vertex Gaming,CS2,Demo League,13,3
2025-01-19,Solstice,Ironclad,CS2,Demo League,13,11
2025-01-19,Ironclad,Nightfall,CS2,Demo League,13,9
2025-01-19,Meridian,Ironclad,CS2,Demo League,13,10
2025-01-19,Solstice,Zenith Nine,CS2,Demo League,13,3
2025-01-20,Nightfall,Zenith Nine,CS2,Demo League,13,2
2025-01-20,Zenith Nine,Nightfall,CS2,Demo League,13,6
2025-01-20,Meridian,Nightfall,CS2,Demo League,13,7
2025-01-20,Nightfall,Meridian,CS2,Demo League,13,9
2025-01-20,Nightfall,Nova Esports,CS2,Demo League,13,9
2025-01-21,Meridian,Kappa Squad,CS2,Demo League,13,8
2025-01-21,Meridian,Zenith Nine,CS2,Demo League,13,9
2025-01-21,Nova Esports,Zenith Nine,CS2,Demo League,13,11
2025-01-21,Kappa Squad,Zenith Nine,CS2,Demo League,13,9
2025-01-21,Nightfall,Zenith Nine,CS2,Demo League,13,11
2025-01-22,Solstice,Ironclad,CS2,Demo League,13,9
2025-01-22,Vertex Gaming,Zenith Nine,CS2,Demo League,13,7
2025-01-22,Kappa Squad,Vertex Gaming,CS2,Demo League,13,7
2025-01-22,Solstice,Nova Esports,CS2,Demo League,13,4
2025-01-22,Zenith Nine,Meridian,CS2,Demo League,13,8
2025-01-23,Kappa Squad,Zenith Nine,CS2,Demo League,13,10
2025-01-23,Ironclad,Meridian,CS2,Demo League,13,6
2025-01-23,Nova Esports,Nightfall,CS2,Demo League,13,8
2025-01-23,Ironclad,Zenith Nine,CS2,Demo League,13,3
2025-01-23,Nova Esports,Zenith Nine,CS2,Demo League,13,9
2025-01-24,Meridian,Kappa Squad,CS2,Demo League,13,6
2025-01-24,Nova Esports,Ironclad,CS2,Demo League,13,11
2025-01-24,Ironclad,Nova Esports,CS2,Demo League,13,10
2025-01-24,Meridian,Ironclad,CS2,Demo League,13,7
2025-01-24,Nova Esports,Solstice,CS2,Demo League,13,10
2025-01-25,Vertex Gaming,Meridian,CS2,Demo League,13,9
2025-01-25,Solstice,Meridian,CS2,Demo League,13,8
2025-01-25,Vertex Gaming,Nova Esports,CS2,Demo League,13,9
2025-01-25,Nightfall,Vertex Gaming,CS2,Demo League,13,4
2025-01-25,Solstice,Zenith Nine,CS2,Demo League,13,5
2025-01-26,Zenith Nine,Nova Esports,CS2,Demo League,13,8
2025-01-26,Vertex Gaming,Kappa Squad,CS2,Demo League,13,11
2025-01-26,Ironclad,Meridian,CS2,Demo League,13,3
2025-01-26,Vertex Gaming,Nightfall,CS2,Demo League,13,10
2025-01-26,Nova Esports,Zenith Nine,CS2,Demo League,13,8
2025-01-27,Nova Esports,Kappa Squad,CS2,Demo League,13,8
2025-01-27,Nova Esports,Nightfall,CS2,Demo League,13,3
2025-01-27,Nova Esports,Ironclad,CS2,Demo League,13,2
2025-01-27,Zenith Nine,Nightfall,CS2,Demo League,13,3
2025-01-27,Nova Esports,Solstice,CS2,Demo League,13,7
2025-01-28,Nova Esports,Vertex Gaming,CS2,Demo League,13,9
2025-01-28,Ironclad,Zenith Nine,CS2,Demo League,13,10
2025-01-28,Solstice,Kappa Squad,CS2,Demo League,13,3
2025-01-28,Vertex Gaming,Ironclad,CS2,Demo League,13,8
2025-01-28,Ironclad,Nova Esports,CS2,Demo League,13,5
2025-01-29,Nova Esports,Nightfall,CS2,Demo League,13,2
2025-01-29,Nova Esports,Meridian,CS2,Demo League,13,6
2025-01-29,Vertex Gaming,Nightfall,CS2,Demo League,13,7
2025-01-29,Vertex Gaming,Ironclad,CS2,Demo League,13,5
2025-01-29,Kappa Squad,Zenith Nine,CS2,Demo League,13,2
2025-01-30,Solstice,Zenith Nine,CS2,Demo League,13,4
2025-01-30,Meridian,Zenith Nine,CS2,Demo League,13,11
2025-01-30,Meridian,Nightfall,CS2,Demo League,13,10
2025-01-30,Nightfall,Meridian,CS2,Demo League,13,7
2025-01-30,Ironclad,Solstice,CS2,Demo League,13,5
2025-01-31,Ironclad,Nightfall,CS2,Demo League,13,7
2025-01-31,Meridian,Vertex Gaming,CS2,Demo League,13,5
2025-01-31,Vertex Gaming,Nova Esports,CS2,Demo League,13,4
2025-01-31,Solstice,Zenith Nine,CS2,Demo League,13,10
2025-01-31,Nightfall,Kappa Squad,CS2,Demo League,13,3
2025-02-01,Zenith Nine,Meridian,CS2,Demo League,13,8
2025-02-01,Ironclad,Zenith Nine,CS2,Demo League,13,4
2025-02-01,Nightfall,Meridian,CS2,Demo League,13,10
2025-02-01,Vertex Gaming,Nova Esports,CS2,Demo League,13,9
2025-02-01,Solstice,Zenith Nine,CS2,Demo League,13,10
2025-02-02,Nova Esports,Kappa Squad,CS2,Demo League,13,8
2025-02-02,Vertex Gaming,Kappa Squad,CS2,Demo League,13,5
2025-02-02,Kappa Squad,Meridian,CS2,Demo League,13,3
2025-02-02,Nova Esports,Meridian,CS2,Demo League,13,7
2025-02-02,Solstice,Kappa Squad,CS2,Demo League,13,9
2025-02-03,Zenith Nine,Kappa Squad,CS2,Demo League,13,11
2025-02-03,Nova Esports,Solstice,CS2,Demo League,13,10
2025-02-03,Zenith Nine,Solstice,CS2,Demo League,13,2
2025-02-03,Solstice,Nightfall,CS2,Demo League,13,5
2025-02-03,Solstice,Ironclad,CS2,Demo League,13,11
2025-02-04,Meridian,Ironclad,CS2,Demo League,13,9
2025-02-04,Meridian,Kappa Squad,CS2,Demo League,13,11
2025-02-04,Kappa Squad,Vertex Gaming,CS2,Demo League,13,7
2025-02-04,Solstice,Nova Esports,CS2,Demo League,13,9
2025-02-04,Zenith Nine,Solstice,CS2,Demo League,13,6
2025-02-05,Vertex Gaming,Kappa Squad,CS2,Demo League,13,8
2025-02-05,Zenith Nine,Ironclad,CS2,Demo League,13,3
2025-02-05,Nova Esports,Zenith Nine,CS2,Demo League,13,11
2025-02-05,Vertex Gaming,Kappa Squad,CS2,Demo League,13,7
2025-02-05,Meridian,Zenith Nine,CS2,Demo League,13,3
2025-02-06,Vertex Gaming,Nova Esports,CS2,Demo League,13,8
2025-02-06,Solstice,Nova Esports,CS2,Demo League,13,3
2025-02-06,Zenith Nine,Ironclad,CS2,Demo League,13,9
2025-02-06,Meridian,Vertex Gaming,CS2,Demo League,13,5
2025-02-06,Nova Esports,Zenith Nine,CS2,Demo League,13,7
2025-02-07,Vertex Gaming,Zenith Nine,CS2,Demo League,13,8
2025-02-07,Nightfall,Zenith Nine,CS2,Demo League,13,5
2025-02-07,Zenith Nine,Nova Esports,CS2,Demo League,13,5
2025-02-07,Nightfall,Ironclad,CS2,Demo League,13,11
2025-02-07,Solstice,Kappa Squad,CS2,Demo League,13,9
2025-02-08,Nova Esports,Kappa Squad,CS2,Demo League,13,11
2025-02-08,Meridian,Nightfall,CS2,Demo League,13,6
2025-02-08,Zenith Nine,Kappa Squad,CS2,Demo League,13,7
2025-02-08,Meridian,Ironclad,CS2,Demo League,13,9
2025-02-08,Nightfall,Zenith Nine,CS2,Demo League,13,3
2025-02-09,Vertex Gaming,Solstice,CS2,Demo League,13,9
2025-02-09,Meridian,Nightfall,CS2,Demo League,13,7
2025-02-09,Vertex Gaming,Nightfall,CS2,Demo League,13,3
2025-02-09,Ironclad,Nova Esports,CS2,Demo League,13,5
2025-02-09,Nova Esports,Solstice,CS2,Demo League,13,3
2025-02-10,Nova Esports,Kappa Squad,CS2,Demo League,13,7
2025-02-10,Meridian,Solstice,CS2,Demo League,13,9
2025-02-10,Nova Esports,Kappa Squad,CS2,Demo League,13,11
2025-02-10,Nova Esports,Zenith Nine,CS2,Demo League,13,10
2025-02-10,Nightfall,Solstice,CS2,Demo League,13,10
2025-02-11,Nova Esports,Zenith Nine,CS2,Demo League,13,3
2025-02-11,Ironclad,Nova Esports,CS2,Demo League,13,2
2025-02-11,Kappa Squad,Ironclad,CS2,Demo League,13,8
2025-02-11,Solstice,Zenith Nine,CS2,Demo League,13,5
2025-02-11,Ironclad,Meridian,CS2,Demo League,13,8
2025-02-12,Solstice,Ironclad,CS2,Demo League,13,11
2025-02-12,Ironclad,Kappa Squad,CS2,Demo League,13,2
2025-02-12,Nightfall,Ironclad,CS2,Demo League,13,7
2025-02-12,Ironclad,Vertex Gaming,CS2,Demo League,13,2
2025-02-12,Ironclad,Solstice,CS2,Demo League,13,11
2025-02-13,Zenith Nine,Meridian,CS2,Demo League,13,5
2025-02-13,Nova Esports,Ironclad,CS2,Demo League,13,2
2025-02-13,Vertex Gaming,Kappa Squad,CS2,Demo League,13,10
2025-02-13,Vertex Gaming,Kappa Squad,CS2,Demo League,13,6
2025-02-13,Vertex Gaming,Ironclad,CS2,Demo League,13,10
2025-02-14,Ironclad,Zenith Nine,CS2,Demo League,13,4
2025-02-14,Vertex Gaming,Solstice,CS2,Demo League,13,2
2025-02-14,Vertex Gaming,Ironclad,CS2,Demo League,13,6
2025-02-14,Vertex Gaming,Nightfall,CS2,Demo League,13,5
2025-02-14,Vertex Gaming,Solstice,CS2,Demo League,13,11
2025-02-15,Nightfall,Meridian,CS2,Demo League,13,3
2025-02-15,Nightfall,Zenith Nine,CS2,Demo League,13,4
2025-02-15,Solstice,Vertex Gaming,CS2,Demo League,13,2
2025-02-15,Nova Esports,Solstice,CS2,Demo League,13,11
2025-02-15,Ironclad,Nightfall,CS2,Demo League,13,11
2025-02-16,Ironclad,Meridian,CS2,Demo League,13,4
2025-02-16,Kappa Squad,Nightfall,CS2,Demo League,13,6
2025-02-16,Solstice,Zenith Nine,CS2,Demo League,13,6
2025-02-16,Nova Esports,Ironclad,CS2,Demo League,13,10
2025-02-16,Nightfall,Vertex Gaming,CS2,Demo League,13,4
2025-02-17,Solstice,Nightfall,CS2,Demo League,13,11
2025-02-17,Ironclad,Zenith Nine,CS2,Demo League,13,3
2025-02-17,Ironclad,Zenith Nine,CS2,Demo League,13,6
2025-02-17,Kappa Squad,Nightfall,CS2,Demo League,13,9
2025-02-17,Meridian,Zenith Nine,CS2,Demo League,13,6
2025-02-18,Meridian,Nova Esports,CS2,Demo League,13,6
2025-02-18,Zenith Nine,Kappa Squad,CS2,Demo League,13,11
2025-02-18,Meridian,Zenith Nine,CS2,Demo League,13,2
2025-02-18,Ironclad,Kappa Squad,CS2,Demo League,13,7
2025-02-18,Vertex Gaming,Kappa Squad,CS2,Demo League,13,3
2025-02-19,Meridian,Zenith Nine,CS2,Demo League,13,11
2025-02-19,Nova Esports,Meridian,CS2,Demo League,13,5
2025-02-19,Vertex Gaming,Zenith Nine,CS2,Demo League,13,8
2025-02-19,Meridian,Kappa Squad,CS2,Demo League,13,10
2025-02-19,Solstice,Meridian,CS2,Demo League,13,7
2025-02-20,Nova Esports,Solstice,CS2,Demo League,13,2
2025-02-20,Vertex Gaming,Nova Esports,CS2,Demo League,13,2
2025-02-20,Zenith Nine,Kappa Squad,CS2,Demo League,13,5
2025-02-20,Meridian,Nightfall,CS2,Demo League,13,11
2025-02-20,Nova Esports,Zenith Nine,CS2,Demo League,13,8
2025-02-21,Nova Esports,Solstice,CS2,Demo League,13,2
2025-02-21,Solstice,Zenith Nine,CS2,Demo League,13,5
2025-02-21,Vertex Gaming,Zenith Nine,CS2,Demo League,13,9
2025-02-21,Ironclad,Solstice,CS2,Demo League,13,2
2025-02-21,Ironclad,Vertex Gaming,CS2,Demo League,13,4
2025-02-22,Nightfall,Solstice,CS2,Demo League,13,2
2025-02-22,Nova Esports,Kappa Squad,CS2,Demo League,13,7
2025-02-22,Nova Esports,Zenith Nine,CS2,Demo League,13,6
2025-02-22,Vertex Gaming,Ironclad,CS2,Demo League,13,11
2025-02-22,Zenith Nine,Solstice,CS2,Demo League,13,2
2025-02-23,Nightfall,Kappa Squad,CS2,Demo League,13,3
2025-02-23,Solstice,Ironclad,CS2,Demo League,13,6
2025-02-23,Nova Esports,Meridian,CS2,Demo League,13,8
2025-02-23,Meridian,Kappa Squad,CS2,Demo League,13,11
2025-02-23,Vertex Gaming,Zenith Nine,CS2,Demo League,13,2
2025-02-24,Nightfall,Solstice,CS2,Demo League,13,2
2025-02-24,Solstice,Zenith Nine,CS2,Demo League,13,2
2025-02-24,Solstice,Zenith Nine,CS2,Demo League,13,7
2025-02-24,Meridian,Vertex Gaming,CS2,Demo League,13,10
2025-02-24,Vertex Gaming,Zenith Nine,CS2,Demo League,13,10
2025-02-25,Vertex Gaming,Ironclad,CS2,Demo League,13,10
2025-02-25,Nova Esports,Ironclad,CS2,Demo League,13,6
2025-02-25,Kappa Squad,Nightfall,CS2,Demo League,13,10
2025-02-25,Nightfall,Vertex Gaming,CS2,Demo League,13,7
2025-02-25,Vertex Gaming,Nova Esports,CS2,Demo League,13,6
2025-02-26,Solstice,Ironclad,CS2,Demo League,13,8
2025-02-26,Ironclad,Nightfall,CS2,Demo League,13,9
2025-02-26,Nova Esports,Ironclad,CS2,Demo League,13,2
2025-02-26,Ironclad,Zenith Nine,CS2,Demo League,13,3
2025-02-26,Zenith Nine,Meridian,CS2,Demo League,13,9
2025-02-27,Nova Esports,Ironclad,CS2,Demo League,13,8
2025-02-27,Nova Esports,Meridian,CS2,Demo League,13,4
2025-02-27,Solstice,Ironclad,CS2,Demo League,13,7
2025-02-27,Nightfall,Zenith Nine,CS2,Demo League,13,6
2025-02-27,Nova Esports,Meridian,CS2,Demo League,13,11
2025-02-28,Nova Esports,Zenith Nine,CS2,Demo League,13,2
2025-02-28,Ironclad,Meridian,CS2,Demo League,13,10
2025-02-28,Nightfall,Vertex Gaming,CS2,Demo League,13,4
2025-02-28,Solstice,Nightfall,CS2,Demo League,13,9
2025-02-28,Solstice,Kappa Squad,CS2,Demo League,13,9
2025-03-01,Solstice,Kappa Squad,CS2,Demo League,13,8
2025-03-01,Vertex Gaming,Meridian,CS2,Demo League,13,4
2025-03-01,Nova Esports,Ironclad,CS2,Demo League,13,11
2025-03-01,Vertex Gaming,Nightfall,CS2,Demo League,13,7
2025-03-01,Meridian,Ironclad,CS2,Demo League,13,7
2025-03-02,Nova Esports,Ironclad,CS2,Demo League,13,6
2025-03-02,Nova Esports,Nightfall,CS2,Demo League,13,7
2025-03-02,Nightfall,Ironclad,CS2,Demo League,13,11
2025-03-02,Ironclad,Vertex Gaming,CS2,Demo League,13,3
2025-03-02,Kappa Squad,Vertex Gaming,CS2,Demo League,13,11
2025-03-03,Solstice,Meridian,CS2,Demo League,13,3
2025-03-03,Kappa Squad,Zenith Nine,CS2,Demo League,13,10
2025-03-03,Ironclad,Vertex Gaming,CS2,Demo League,13,3
2025-03-03,Zenith Nine,Nightfall,CS2,Demo League,13,11
2025-03-03,Nightfall,Nova Esports,CS2,Demo League,13,3
2025-03-04,Kappa Squad,Nightfall,CS2,Demo League,13,9
2025-03-04,Kappa Squad,Ironclad,CS2,Demo League,13,7
2025-03-04,Solstice,Kappa Squad,CS2,Demo League,13,3
2025-03-04,Kappa Squad,Zenith Nine,CS2,Demo League,13,4
2025-03-04,Nova Esports,Vertex Gaming,CS2,Demo League,13,2
2025-03-05,Ironclad,Meridian,CS2,Demo League,13,2
2025-03-05,Meridian,Zenith Nine,CS2,Demo League,13,4
2025-03-05,Nightfall,Vertex Gaming,CS2,Demo League,13,6
2025-03-05,Vertex Gaming,Zenith Nine,CS2,Demo League,13,9
2025-03-05,Kappa Squad,Ironclad,CS2,Demo League,13,5
2025-03-06,Solstice,Meridian,CS2,Demo League,13,10
2025-03-06,Ironclad,Kappa Squad,CS2,Demo League,13,6
2025-03-06,Nova Esports,Ironclad,CS2,Demo League,13,7
2025-03-06,Kappa Squad,Nightfall,CS2,Demo League,13,2
2025-03-06,Solstice,Nightfall,CS2,Demo League,13,5
2025-03-07,Vertex Gaming,Ironclad,CS2,Demo League,13,11
2025-03-07,Kappa Squad,Meridian,CS2,Demo League,13,3
2025-03-07,Vertex Gaming,Nightfall,CS2,Demo League,13,7
2025-03-07,Vertex Gaming,Kappa Squad,CS2,Demo League,13,9
2025-03-07,Zenith Nine,Meridian,CS2,Demo League,13,5
2025-03-08,Meridian,Kappa Squad,CS2,Demo League,13,3
2025-03-08,Nova Esports,Vertex Gaming,CS2,Demo League,13,9
2025-03-08,Zenith Nine,Nightfall,CS2,Demo League,13,3
2025-03-08,Ironclad,Nova Esports,CS2,Demo League,13,10
2025-03-08,Nova Esports,Zenith Nine,CS2,Demo League,13,11
2025-03-09,Vertex Gaming,Nightfall,CS2,Demo League,13,3
2025-03-09,Nova Esports,Solstice,CS2,Demo League,13,10
2025-03-09,Nova Esports,Nightfall,CS2,Demo League,13,4
2025-03-09,Nova Esports,Solstice,CS2,Demo League,13,10
2025-03-09,Nova Esports,Zenith Nine,CS2,Demo League,13,8
2025-03-10,Solstice,Nightfall,CS2,Demo League,13,2
2025-03-10,Solstice,Nova Esports,CS2,Demo League,13,7
2025-03-10,Nova Esports,Meridian,CS2,Demo League,13,4
2025-03-10,Meridian,Ironclad,CS2,Demo League,13,10
2025-03-10,Kappa Squad,Ironclad,CS2,Demo League,13,9
2025-03-11,Kappa Squad,Nightfall,CS2,Demo League,13,11
2025-03-11,Vertex Gaming,Meridian,CS2,Demo League,13,11
2025-03-11,Solstice,Nightfall,CS2,Demo League,13,2
2025-03-11,Kappa Squad,Ironclad,CS2,Demo League,13,9
2025-03-11,Solstice,Ironclad,CS2,Demo League,13,3
2025-03-12,Nova Esports,Zenith Nine,CS2,Demo League,13,11
2025-03-12,Zenith Nine,Ironclad,CS2,Demo League,13,4
2025-03-12,Nova Esports,Kappa Squad,CS2,Demo League,13,10
2025-03-12,Nova Esports,Solstice,CS2,Demo League,13,10
2025-03-12,Ironclad,Nova Esports,CS2,Demo League,13,2
2025-03-13,Ironclad,Vertex Gaming,CS2,Demo League,13,7
2025-03-13,Vertex Gaming,Ironclad,CS2,Demo League,13,11
2025-03-13,Nightfall,Vertex Gaming,CS2,Demo League,13,4
2025-03-13,Kappa Squad,Zenith Nine,CS2,Demo League,13,11
2025-03-13,Kappa Squad,Zenith Nine,CS2,Demo League,13,4
2025-03-14,Vertex Gaming,Zenith Nine,CS2,Demo League,13,7
2025-03-14,Kappa Squad,Meridian,CS2,Demo League,13,10
2025-03-14,Nova Esports,Zenith Nine,CS2,Demo League,13,6
2025-03-14,Ironclad,Nightfall,CS2,Demo League,13,11
2025-03-14,Nova Esports,Zenith Nine,CS2,Demo League,13,10
2025-03-15,Solstice,Vertex Gaming,CS2,Demo League,13,9
2025-03-15,Meridian,Zenith Nine,CS2,Demo League,13,10
2025-03-15,Zenith Nine,Ironclad,CS2,Demo League,13,3
2025-03-15,Ironclad,Zenith Nine,CS2,Demo League,13,5
2025-03-15,Ironclad,Nova Esports,CS2,Demo League,13,9
2025-03-16,Zenith Nine,Kappa Squad,CS2,Demo League,13,5
2025-03-16,Ironclad,Vertex Gaming,CS2,Demo League,13,6
2025-03-16,Meridian,Ironclad,CS2,Demo League,13,2
2025-03-16,Solstice,Zenith Nine,CS2,Demo League,13,3
2025-03-16,Vertex Gaming,Solstice,CS2,Demo League,13,2
2025-03-17,Solstice,Nightfall,CS2,Demo League,13,8
2025-03-17,Vertex Gaming,Meridian,CS2,Demo League,13,7
2025-03-17,Zenith Nine,Kappa Squad,CS2,Demo League,13,8
2025-03-17,Kappa Squad,Zenith Nine,CS2,Demo League,13,9
2025-03-17,Solstice,Meridian,CS2,Demo League,13,11
2025-03-18,Nova Esports,Nightfall,CS2,Demo League,13,10
2025-03-18,Vertex Gaming,Meridian,CS2,Demo League,13,6
2025-03-18,Ironclad,Meridian,CS2,Demo League,13,6
2025-03-18,Kappa Squad,Zenith Nine,CS2,Demo League,13,9
2025-03-18,Solstice,Ironclad,CS2,Demo League,13,10
2025-03-19,Nightfall,Zenith Nine,CS2,Demo League,13,9
2025-03-19,Meridian,Ironclad,CS2,Demo League,13,4
2025-03-19,Solstice,Zenith Nine,CS2,Demo League,13,6
2025-03-19,Nova Esports,Meridian,CS2,Demo League,13,9
2025-03-19,Nova Esports,Zenith Nine,CS2,Demo League,13,2
2025-03-20,Kappa Squad,Nightfall,CS2,Demo League,13,5
2025-03-20,Zenith Nine,Solstice,CS2,Demo League,13,3
2025-03-20,Kappa Squad,Ironclad,CS2,Demo League,13,11
2025-03-20,Ironclad,Meridian,CS2,Demo League,13,8
2025-03-20,Ironclad,Nova Esports,CS2,Demo League,13,11
2025-03-21,Ironclad,Nightfall,CS2,Demo League,13,3
2025-03-21,Solstice,Meridian,CS2,Demo League,13,5
2025-03-21,Solstice,Kappa Squad,CS2,Demo League,13,10
2025-03-21,Solstice,Vertex Gaming,CS2,Demo League,13,8
2025-03-21,Solstice,Meridian,CS2,Demo League,13,4
2025-03-22,Vertex Gaming,Kappa Squad,CS2,Demo League,13,3
2025-03-22,Ironclad,Nightfall,CS2,Demo League,13,10
2025-03-22,Nova Esports,Zenith Nine,CS2,Demo League,13,6
2025-03-22,Kappa Squad,Nightfall,CS2,Demo League,13,9
2025-03-22,Nova Esports,Kappa Squad,CS2,Demo League,13,4
2025-03-23,Solstice,Ironclad,CS2,Demo League,13,8
2025-03-23,Nova Esports,Meridian,CS2,Demo League,13,6
2025-03-23,Ironclad,Zenith Nine,CS2,Demo League,13,2
2025-03-23,Kappa Squad,Nightfall,CS2,Demo League,13,11
2025-03-23,Vertex Gaming,Zenith Nine,CS2,Demo League,13,6
2025-03-24,Meridian,Nova Esports,CS2,Demo League,13,6
2025-03-24,Zenith Nine,Meridian,CS2,Demo League,13,3
2025-03-24,Solstice,Nightfall,CS2,Demo League,13,6
2025-03-24,Meridian,Solstice,CS2,Demo League,13,2
2025-03-24,Meridian,Zenith Nine,CS2,Demo League,13,8
2025-03-25,Zenith Nine,Kappa Squad,CS2,Demo League,13,5
2025-03-25,Vertex Gaming,Kappa Squad,CS2,Demo League,13,5
2025-03-25,Meridian,Kappa Squad,CS2,Demo League,13,9
2025-03-25,Solstice,Nightfall,CS2,Demo League,13,8
2025-03-25,Nova Esports,Nightfall,CS2,Demo League,13,8
2025-03-26,Nightfall,Zenith Nine,CS2,Demo League,13,8
2025-03-26,Vertex Gaming,Ironclad,CS2,Demo League,13,3
2025-03-26,Kappa Squad,Nightfall,CS2,Demo League,13,11
2025-03-26,Kappa Squad,Zenith Nine,CS2,Demo League,13,11
2025-03-26,Ironclad,Kappa Squad,CS2,Demo League,13,4
2025-03-27,Nova Esports,Meridian,CS2,Demo League,13,9
2025-03-27,Solstice,Kappa Squad,CS2,Demo League,13,2
2025-03-27,Vertex Gaming,Solstice,CS2,Demo League,13,2
2025-03-27,Solstice,Meridian,CS2,Demo League,13,3
2025-03-27,Solstice,Vertex Gaming,CS2,Demo League,13,2
2025-03-28,Vertex Gaming,Zenith Nine,CS2,Demo League,13,2
2025-03-28,Meridian,Ironclad,CS2,Demo League,13,8
2025-03-28,Ironclad,Kappa Squad,CS2,Demo League,13,6
2025-03-28,Nova Esports,Zenith Nine,CS2,Demo League,13,11
2025-03-28,Kappa Squad,Nightfall,CS2,Demo League,13,2
2025-03-29,Nightfall,Meridian,CS2,Demo League,13,6
2025-03-29,Vertex Gaming,Ironclad,CS2,Demo League,13,8
2025-03-29,Meridian,Zenith Nine,CS2,Demo League,13,7
2025-03-29,Solstice,Ironclad,CS2,Demo League,13,8
2025-03-29,Meridian,Kappa Squad,CS2,Demo League,13,10
2025-03-30,Nova Esports,Meridian,CS2,Demo League,13,2
2025-03-30,Kappa Squad,Ironclad,CS2,Demo League,13,4
2025-03-30,Nightfall,Zenith Nine,CS2,Demo League,13,8
2025-03-30,Zenith Nine,Nova Esports,CS2,Demo League,13,10
2025-03-30,Meridian,Kappa Squad,CS2,Demo League,13,4
2025-03-31,Vertex Gaming,Kappa Squad,CS2,Demo League,13,5
2025-03-31,Zenith Nine,Nightfall,CS2,Demo League,13,3
2025-03-31,Zenith Nine,Nightfall,CS2,Demo League,13,7
2025-03-31,Solstice,Ironclad,CS2,Demo League,13,11
2025-03-31,Nova Esports,Vertex Gaming,CS2,Demo League,13,2
2025-04-01,Meridian,Ironclad,CS2,Demo League,13,9
2025-04-01,Zenith Nine,Solstice,CS2,Demo League,13,5
2025-04-01,Solstice,Vertex Gaming,CS2,Demo League,13,3
2025-04-01,Solstice,Zenith Nine,CS2,Demo League,13,8
2025-04-01,Meridian,Zenith Nine,CS2,Demo League,13,4
2025-04-02,Nova Esports,Meridian,CS2,Demo League,13,6
2025-04-02,Zenith Nine,Vertex Gaming,CS2,Demo League,13,11
2025-04-02,Solstice,Meridian,CS2,Demo League,13,9
2025-04-02,Ironclad,Meridian,CS2,Demo League,13,5
2025-04-02,Ironclad,Meridian,CS2,Demo League,13,9
2025-04-03,Kappa Squad,Zenith Nine,CS2,Demo League,13,2
2025-04-03,Solstice,Zenith Nine,CS2,Demo League,13,9
2025-04-03,Solstice,Nightfall,CS2,Demo League,13,6
2025-04-03,Nova Esports,Zenith Nine,CS2,Demo League,13,7
2025-04-03,Solstice,Meridian,CS2,Demo League,13,10
2025-04-04,Nightfall,Nova Esports,CS2,Demo League,13,8
2025-04-04,Meridian,Kappa Squad,CS2,Demo League,13,9
2025-04-04,Solstice,Nightfall,CS2,Demo League,13,9
2025-04-04,Solstice,Ironclad,CS2,Demo League,13,5
2025-04-04,Solstice,Vertex Gaming,CS2,Demo League,13,10
2025-04-05,Solstice,Vertex Gaming,CS2,Demo League,13,6
2025-04-05,Zenith Nine,Kappa Squad,CS2,Demo League,13,3
2025-04-05,Vertex Gaming,Meridian,CS2,Demo League,13,5
2025-04-05,Meridian,Nova Esports,CS2,Demo League,13,5
2025-04-05,Meridian,Solstice,CS2,Demo League,13,3
2025-04-06,Ironclad,Solstice,CS2,Demo League,13,6
2025-04-06,Vertex Gaming,Ironclad,CS2,Demo League,13,9
2025-04-06,Ironclad,Zenith Nine,CS2,Demo League,13,5
2025-04-06,Vertex Gaming,Kappa Squad,CS2,Demo League,13,7
2025-04-06,Solstice,Vertex Gaming,CS2,Demo League,13,6
2025-04-07,Nightfall,Meridian,CS2,Demo League,13,4
2025-04-07,Nova Esports,Vertex Gaming,CS2,Demo League,13,8
2025-04-07,Zenith Nine,Meridian,CS2,Demo League,13,10
2025-04-07,Nightfall,Zenith Nine,CS2,Demo League,13,2
2025-04-07,Nova Esports,Ironclad,CS2,Demo League,13,2
2025-04-08,Ironclad,Vertex Gaming,CS2,Demo League,13,8
2025-04-08,Solstice,Kappa Squad,CS2,Demo League,13,11
2025-04-08,Nova Esports,Ironclad,CS2,Demo League,13,3
2025-04-08,Ironclad,Meridian,CS2,Demo League,13,3
2025-04-08,Nova Esports,Kappa Squad,CS2,Demo League,13,4
2025-04-09,Solstice,Vertex Gaming,CS2,Demo League,13,7
2025-04-09,Solstice,Nightfall,CS2,Demo League,13,6
2025-04-09,Nightfall,Zenith Nine,CS2,Demo League,13,6
2025-04-09,Ironclad,Kappa Squad,CS2,Demo League,13,3
2025-04-09,Zenith Nine,Nightfall,CS2,Demo League,13,4
2025-04-10,Nova Esports,Vertex Gaming,CS2,Demo League,13,5
2025-04-10,Vertex Gaming,Nightfall,CS2,Demo League,13,6
2025-04-10,Nightfall,Meridian,CS2,Demo League,13,3
2025-04-10,Ironclad,Nightfall,CS2,Demo League,13,5
2025-04-10,Vertex Gaming,Meridian,CS2,Demo League,13,4
2025-04-11,Zenith Nine,Ironclad,CS2,Demo League,13,2
2025-04-11,Meridian,Nightfall,CS2,Demo League,13,7
2025-04-11,Nova Esports,Meridian,CS2,Demo League,13,7
2025-04-11,Meridian,Ironclad,CS2,Demo League,13,2
2025-04-11,Meridian,Vertex Gaming,CS2,Demo League,13,8
2025-04-12,Vertex Gaming,Meridian,CS2,Demo League,13,7
2025-04-12,Kappa Squad,Nightfall,CS2,Demo League,13,8
2025-04-12,Nova Esports,Kappa Squad,CS2,Demo League,13,2
2025-04-12,Kappa Squad,Zenith Nine,CS2,Demo League,13,6
2025-04-12,Vertex Gaming,Kappa Squad,CS2,Demo League,13,10
2025-04-13,Nova Esports,Ironclad,CS2,Demo League,13,10
2025-04-13,Nightfall,Vertex Gaming,CS2,Demo League,13,8
2025-04-13,Nova Esports,Zenith Nine,CS2,Demo League,13,10
2025-04-13,Nova Esports,Vertex Gaming,CS2,Demo League,13,10
2025-04-13,Kappa Squad,Vertex Gaming,CS2,Demo League,13,8
2025-04-14,Zenith Nine,Kappa Squad,CS2,Demo League,13,6
2025-04-14,Zenith Nine,Meridian,CS2,Demo League,13,2
2025-04-14,Kappa Squad,Solstice,CS2,Demo League,13,7
2025-04-14,Solstice,Meridian,CS2,Demo League,13,2
2025-04-14,Nova Esports,Kappa Squad,CS2,Demo League,13,9
2025-04-15,Ironclad,Solstice,CS2,Demo League,13,10
2025-04-15,Solstice,Zenith Nine,CS2,Demo League,13,11
2025-04-15,Meridian,Nova Esports,CS2,Demo League,13,5
2025-04-15,Vertex Gaming,Nightfall,CS2,Demo League,13,5
2025-04-15,Nova Esports,Zenith Nine,CS2,Demo League,13,11
2025-04-16,Solstice,Nightfall,CS2,Demo League,13,9
2025-04-16,Solstice,Nova Esports,CS2,Demo League,13,11
2025-04-16,Nova Esports,Kappa Squad,CS2,Demo League,13,11
2025-04-16,Vertex Gaming,Nightfall,CS2,Demo League,13,8
2025-04-16,Nova Esports,Ironclad,CS2,Demo League,13,5
2025-04-17,Nova Esports,Kappa Squad,CS2,Demo League,13,10
2025-04-17,Meridian,Solstice,CS2,Demo League,13,3
2025-04-17,Solstice,Nova Esports,CS2,Demo League,13,10
2025-04-17,Zenith Nine,Kappa Squad,CS2,Demo League,13,8
2025-04-17,Ironclad,Meridian,CS2,Demo League,13,11
2025-04-18,Nova Esports,Kappa Squad,CS2,Demo League,13,4
2025-04-18,Meridian,Ironclad,CS2,Demo League,13,4
2025-04-18,Ironclad,Zenith Nine,CS2,Demo League,13,7
2025-04-18,Solstice,Ironclad,CS2,Demo League,13,11
2025-04-18,Nightfall,Kappa Squad,CS2,Demo League,13,5
2025-04-19,Solstice,Nightfall,CS2,Demo League,13,2
2025-04-19,Meridian,Zenith Nine,CS2,Demo League,13,6
2025-04-19,Nova Esports,Nightfall,CS2,Demo League,13,2
2025-04-19,Vertex Gaming,Nightfall,CS2,Demo League,13,6
2025-04-19,Ironclad,Nova Esports,CS2,Demo League,13,6
2025-04-20,Nova Esports,Vertex Gaming,CS2,Demo League,13,2
2025-04-20,Ironclad,Meridian,CS2,Demo League,13,10
2025-04-20,Ironclad,Zenith Nine,CS2,Demo League,13,5
2025-04-20,Ironclad,Nightfall,CS2,Demo League,13,2
2025-04-20,Vertex Gaming,Nova Esports,CS2,Demo League,13,8
2025-04-21,Nova Esports,Kappa Squad,CS2,Demo League,13,4
2025-04-21,Kappa Squad,Vertex Gaming,CS2,Demo League,13,2
2025-04-21,Nightfall,Zenith Nine,CS2,Demo League,13,3
2025-04-21,Nightfall,Zenith Nine,CS2,Demo League,13,10
2025-04-21,Solstice,Nightfall,CS2,Demo League,13,7
2025-04-22,Nightfall,Kappa Squad,CS2,Demo League,13,4
2025-04-22,Zenith Nine,Ironclad,CS2,Demo League,13,8
2025-04-22,Meridian,Vertex Gaming,CS2,Demo League,13,3
2025-04-22,Meridian,Ironclad,CS2,Demo League,13,10
2025-04-22,Ironclad,Nightfall,CS2,Demo League,13,11
2025-04-23,Zenith Nine,Meridian,CS2,Demo League,13,7
2025-04-23,Kappa Squad,Meridian,CS2,Demo League,13,2
2025-04-23,Solstice,Kappa Squad,CS2,Demo League,13,2
2025-04-23,Meridian,Ironclad,CS2,Demo League,13,10
2025-04-23,Solstice,Meridian,CS2,Demo League,13,4
2025-04-24,Nova Esports,Kappa Squad,CS2,Demo League,13,11
2025-04-24,Nightfall,Zenith Nine,CS2,Demo League,13,8
2025-04-24,Meridian,Vertex Gaming,CS2,Demo League,13,9
2025-04-24,Vertex Gaming,Ironclad,CS2,Demo League,13,4
2025-04-24,Kappa Squad,Nightfall,CS2,Demo League,13,6
2025-04-25,Nova Esports,Solstice,CS2,Demo League,13,6
2025-04-25,Solstice,Kappa Squad,CS2,Demo League,13,8
2025-04-25,Ironclad,Meridian,CS2,Demo League,13,11
2025-04-25,Zenith Nine,Meridian,CS2,Demo League,13,9
2025-04-25,Nightfall,Ironclad,CS2,Demo League,13,8
2025-04-26,Kappa Squad,Zenith Nine,CS2,Demo League,13,2
2025-04-26,Vertex Gaming,Zenith Nine,CS2,Demo League,13,10
2025-04-26,Solstice,Nightfall,CS2,Demo League,13,11
2025-04-26,Ironclad,Solstice,CS2,Demo League,13,4
2025-04-26,Nova Esports,Nightfall,CS2,Demo League,13,8
2025-04-27,Meridian,Zenith Nine,CS2,Demo League,13,4
2025-04-27,Vertex Gaming,Solstice,CS2,Demo League,13,9
2025-04-27,Zenith Nine,Ironclad,CS2,Demo League,13,5
2025-04-27,Vertex Gaming,Meridian,CS2,Demo League,13,8
2025-04-27,Nova Esports,Kappa Squad,CS2,Demo League,13,4
2025-04-28,Kappa Squad,Zenith Nine,CS2,Demo League,13,7
2025-04-28,Vertex Gaming,Zenith Nine,CS2,Demo League,13,2
2025-04-28,Nova Esports,Solstice,CS2,Demo League,13,8
2025-04-28,Ironclad,Nova Esports,CS2,Demo League,13,11
2025-04-28,Zenith Nine,Solstice,CS2,Demo League,13,2
2025-04-29,Nightfall,Zenith Nine,CS2,Demo League,13,6
2025-04-29,Zenith Nine,Solstice,CS2,Demo League,13,4
2025-04-29,Nightfall,Solstice,CS2,Demo League,13,10
2025-04-29,Vertex Gaming,Nightfall,CS2,Demo League,13,10
2025-04-29,Nova Esports,Solstice,CS2,Demo League,13,9
2025-04-30,Vertex Gaming,Ironclad,CS2,Demo League,13,10
2025-04-30,Meridian,Ironclad,CS2,Demo League,13,9
2025-04-30,Ironclad,Meridian,CS2,Demo League,13,6
2025-04-30,Zenith Nine,Solstice,CS2,Demo League,13,2
2025-04-30,Kappa Squad,Nightfall,CS2,Demo League,13,7
2025-05-01,Solstice,Zenith Nine,CS2,Demo League,13,3
2025-05-01,Vertex Gaming,Zenith Nine,CS2,Demo League,13,8
2025-05-01,Nova Esports,Ironclad,CS2,Demo League,13,11
2025-05-01,Nightfall,Meridian,CS2,Demo League,13,11
2025-05-01,Vertex Gaming,Zenith Nine,CS2,Demo League,13,2
2025-05-02,Kappa Squad,Ironclad,CS2,Demo League,13,7
2025-05-02,Kappa Squad,Ironclad,CS2,Demo League,13,6
2025-05-02,Meridian,Zenith Nine,CS2,Demo League,13,4
2025-05-02,Meridian,Kappa Squad,CS2,Demo League,13,2
2025-05-02,Vertex Gaming,Nightfall,CS2,Demo League,13,6
2025-05-03,Vertex Gaming,Meridian,CS2,Demo League,13,5
2025-05-03,Nova Esports,Kappa Squad,CS2,Demo League,13,10
2025-05-03,Zenith Nine,Meridian,CS2,Demo League,13,10
2025-05-03,Zenith Nine,Kappa Squad,CS2,Demo League,13,2
2025-05-03,Ironclad,Zenith Nine,CS2,Demo League,13,11
2025-05-04,Zenith Nine,Ironclad,CS2,Demo League,13,8
2025-05-04,Zenith Nine,Kappa Squad,CS2,Demo League,13,7
2025-05-04,Meridian,Zenith Nine,CS2,Demo League,13,6
2025-05-04,Kappa Squad,Zenith Nine,CS2,Demo League,13,10
2025-05-04,Vertex Gaming,Solstice,CS2,Demo League,13,5
2025-05-05,Nightfall,Meridian,CS2,Demo League,13,10
2025-05-05,Nova Esports,Solstice,CS2,Demo League,13,9
2025-05-05,Nightfall,Vertex Gaming,CS2,Demo League,13,5
2025-05-05,Meridian,Kappa Squad,CS2,Demo League,13,3
2025-05-05,Meridian,Solstice,CS2,Demo League,13,9
2025-05-06,Vertex Gaming,Meridian,CS2,Demo League,13,4
2025-05-06,Nova Esports,Vertex Gaming,CS2,Demo League,13,9
2025-05-06,Kappa Squad,Nightfall,CS2,Demo League,13,9
2025-05-06,Solstice,Nova Esports,CS2,Demo League,13,8
2025-05-06,Meridian,Kappa Squad,CS2,Demo League,13,3
2025-05-07,Vertex Gaming,Nightfall,CS2,Demo League,13,10
2025-05-07,Meridian,Zenith Nine,CS2,Demo League,13,2
2025-05-07,Vertex Gaming,Nightfall,CS2,Demo League,13,6
2025-05-07,Vertex Gaming,Meridian,CS2,Demo League,13,3
2025-05-07,Ironclad,Solstice,CS2,Demo League,13,2
2025-05-08,Kappa Squad,Nightfall,CS2,Demo League,13,7
2025-05-08,Kappa Squad,Vertex Gaming,CS2,Demo League,13,2
2025-05-08,Nightfall,Kappa Squad,CS2,Demo League,13,4
2025-05-08,Nova Esports,Ironclad,CS2,Demo League,13,4
2025-05-08,Vertex Gaming,Meridian,CS2,Demo League,13,9
2025-05-09,Vertex Gaming,Nightfall,CS2,Demo League,13,5
2025-05-09,Vertex Gaming,Ironclad,CS2,Demo League,13,5
2025-05-09,Nova Esports,Kappa Squad,CS2,Demo League,13,11
2025-05-09,Zenith Nine,Solstice,CS2,Demo League,13,11
2025-05-09,Nova Esports,Vertex Gaming,CS2,Demo League,13,7
2025-05-10,Kappa Squad,Nightfall,CS2,Demo League,13,7
2025-05-10,Solstice,Kappa Squad,CS2,Demo League,13,4
2025-05-10,Nightfall,Meridian,CS2,Demo League,13,7
2025-05-10,Nova Esports,Nightfall,CS2,Demo League,13,2
2025-05-10,Vertex Gaming,Nightfall,CS2,Demo League,13,2
2025-05-11,Kappa Squad,Solstice,CS2,Demo League,13,3
2025-05-11,Kappa Squad,Ironclad,CS2,Demo League,13,7
2025-05-11,Kappa Squad,Meridian,CS2,Demo League,13,8
2025-05-11,Nova Esports,Zenith Nine,CS2,Demo League,13,8
2025-05-11,Nova Esports,Zenith Nine,CS2,Demo League,13,2
2025-05-12,Solstice,Nova Esports,CS2,Demo League,13,2
2025-05-12,Kappa Squad,Ironclad,CS2,Demo League,13,11
2025-05-12,Vertex Gaming,Ironclad,CS2,Demo League,13,9
2025-05-12,Meridian,Zenith Nine,CS2,Demo League,13,11
2025-05-12,Solstice,Zenith Nine,CS2,Demo League,13,9
2025-05-13,Vertex Gaming,Nightfall,CS2,Demo League,13,8
2025-05-13,Nova Esports,Ironclad,CS2,Demo League,13,10
2025-05-13,Solstice,Kappa Squad,CS2,Demo League,13,6
2025-05-13,Meridian,Nightfall,CS2,Demo League,13,3
2025-05-13,Meridian,Solstice,CS2,Demo League,13,9
2025-05-14,Ironclad,Zenith Nine,CS2,Demo League,13,7
2025-05-14,Kappa Squad,Ironclad,CS2,Demo League,13,8
2025-05-14,Ironclad,Solstice,CS2,Demo League,13,9
2025-05-14,Nova Esports,Kappa Squad,CS2,Demo League,13,8
2025-05-14,Meridian,Kappa Squad,CS2,Demo League,13,3
2025-05-15,Meridian,Nova Esports,CS2,Demo League,13,11
2025-05-15,Meridian,Kappa Squad,CS2,Demo League,13,11
2025-05-15,Meridian,Solstice,CS2,Demo League,13,3
2025-05-15,Nova Esports,Ironclad,CS2,Demo League,13,10
2025-05-15,Nova Esports,Solstice,CS2,Demo League,13,5
2025-05-16,Solstice,Kappa Squad,CS2,Demo League,13,9
2025-05-16,Solstice,Meridian,CS2,Demo League,13,6
2025-05-16,Vertex Gaming,Zenith Nine,CS2,Demo League,13,9
2025-05-16,Kappa Squad,Nova Esports,CS2,Demo League,13,11
2025-05-16,Nova Esports,Solstice,CS2,Demo League,13,6
2025-05-17,Vertex Gaming,Kappa Squad,CS2,Demo League,13,5
2025-05-17,Ironclad,Nightfall,CS2,Demo League,13,10
2025-05-17,Nova Esports,Zenith Nine,CS2,Demo League,13,10
2025-05-17,Vertex Gaming,Kappa Squad,CS2,Demo League,13,4
2025-05-17,Vertex Gaming,Meridian,CS2,Demo League,13,7
2025-05-18,Nova Esports,Kappa Squad,CS2,Demo League,13,6
2025-05-18,Vertex Gaming,Zenith Nine,CS2,Demo League,13,4
2025-05-18,Nova Esports,Nightfall,CS2,Demo League,13,2
2025-05-18,Nova Esports,Kappa Squad,CS2,Demo League,13,3
2025-05-18,Ironclad,Kappa Squad,CS2,Demo League,13,9
2025-05-19,Nightfall,Ironclad,CS2,Demo League,13,6
2025-05-19,Meridian,Nightfall,CS2,Demo League,13,2
2025-05-19,Vertex Gaming,Kappa Squad,CS2,Demo League,13,8
2025-05-19,Meridian,Solstice,CS2,Demo League,13,6
2025-05-19,Kappa Squad,Nightfall,CS2,Demo League,13,10
2025-05-20,Meridian,Vertex Gaming,CS2,Demo League,13,10
2025-05-20,Zenith Nine,Meridian,CS2,Demo League,13,9
2025-05-20,Nova Esports,Ironclad,CS2,Demo League,13,10
2025-05-20,Solstice,Meridian,CS2,Demo League,13,3
2025-05-20,Nightfall,Zenith Nine,CS2,Demo League,13,6
2025-05-21,Nova Esports,Solstice,CS2,Demo League,13,8
2025-05-21,Meridian,Zenith Nine,CS2,Demo League,13,11
2025-05-21,Solstice,Ironclad,CS2,Demo League,13,10
2025-05-21,Solstice,Vertex Gaming,CS2,Demo League,13,5
2025-05-21,Vertex Gaming,Kappa Squad,CS2,Demo League,13,4
2025-05-22,Nova Esports,Meridian,CS2,Demo League,13,10
2025-05-22,Vertex Gaming,Solstice,CS2,Demo League,13,4
2025-05-22,Vertex Gaming,Solstice,CS2,Demo League,13,5
2025-05-22,Ironclad,Kappa Squad,CS2,Demo League,13,4
2025-05-22,Nova Esports,Vertex Gaming,CS2,Demo League,13,5
2025-05-23,Kappa Squad,Zenith Nine,CS2,Demo League,13,11
2025-05-23,Ironclad,Vertex Gaming,CS2,Demo League,13,2
2025-05-23,Kappa Squad,Nightfall,CS2,Demo League,13,7
2025-05-23,Solstice,Zenith Nine,CS2,Demo League,13,9
2025-05-23,Kappa Squad,Ironclad,CS2,Demo League,13,3
2025-05-24,Ironclad,Kappa Squad,CS2,Demo League,13,7
2025-05-24,Ironclad,Zenith Nine,CS2,Demo League,13,5
2025-05-24,Vertex Gaming,Zenith Nine,CS2,Demo League,13,2
2025-05-24,Ironclad,Nightfall,CS2,Demo League,13,3
2025-05-24,Zenith Nine,Kappa Squad,CS2,Demo League,13,6
2025-05-25,Kappa Squad,Zenith Nine,CS2,Demo League,13,11
2025-05-25,Solstice,Ironclad,CS2,Demo League,13,5
2025-05-25,Zenith Nine,Vertex Gaming,CS2,Demo League,13,7
2025-05-25,Solstice,Nova Esports,CS2,Demo League,13,5
2025-05-25,Meridian,Ironclad,CS2,Demo League,13,10
2025-05-26,Nova Esports,Meridian,CS2,Demo League,13,10
2025-05-26,Solstice,Ironclad,CS2,Demo League,13,11
2025-05-26,Zenith Nine,Meridian,CS2,Demo League,13,5
2025-05-26,Meridian,Nova Esports,CS2,Demo League,13,11
2025-05-26,Ironclad,Nightfall,CS2,Demo League,13,6
2025-05-27,Vertex Gaming,Meridian,CS2,Demo League,13,9
2025-05-27,Nightfall,Solstice,CS2,Demo League,13,7
2025-05-27,Vertex Gaming,Nova Esports,CS2,Demo League,13,8
2025-05-27,Ironclad,Vertex Gaming,CS2,Demo League,13,9
2025-05-27,Nightfall,Nova Esports,CS2,Demo League,13,3
2025-05-28,Vertex Gaming,Ironclad,CS2,Demo League,13,6
2025-05-28,Solstice,Kappa Squad,CS2,Demo League,13,7
2025-05-28,Solstice,Meridian,CS2,Demo League,13,2
2025-05-28,Solstice,Meridian,CS2,Demo League,13,8
2025-05-28,Vertex Gaming,Ironclad,CS2,Demo League,13,7
2025-05-29,Nightfall,Solstice,CS2,Demo League,13,3
2025-05-29,Solstice,Vertex Gaming,CS2,Demo League,13,11
2025-05-29,Nightfall,Zenith Nine,CS2,Demo League,13,5
2025-05-29,Zenith Nine,Ironclad,CS2,Demo League,13,9
2025-05-29,Nightfall,Vertex Gaming,CS2,Demo League,13,4
2025-05-30,Solstice,Nova Esports,CS2,Demo League,13,6
2025-05-30,Meridian,Vertex Gaming,CS2,Demo League,13,5
2025-05-30,Vertex Gaming,Ironclad,CS2,Demo League,13,8
2025-05-30,Vertex Gaming,Zenith Nine,CS2,Demo League,13,5
2025-05-30,Zenith Nine,Ironclad,CS2,Demo League,13,9
2025-05-31,Nova Esports,Kappa Squad,CS2,Demo League,13,11
2025-05-31,Kappa Squad,Nightfall,CS2,Demo League,13,10
2025-05-31,Solstice,Ironclad,CS2,Demo League,13,7
2025-05-31,Solstice,Meridian,CS2,Demo League,13,2
2025-05-31,Zenith Nine,Ironclad,CS2,Demo League,13,10
2025-06-01,Vertex Gaming,Kappa Squad,CS2,Demo League,13,4
2025-06-01,Ironclad,Vertex Gaming,CS2,Demo League,13,3
2025-06-01,Solstice,Nightfall,CS2,Demo League,13,8
2025-06-01,Solstice,Kappa Squad,CS2,Demo League,13,6
2025-06-01,Vertex Gaming,Zenith Nine,CS2,Demo League,13,2
2025-06-02,Kappa Squad,Vertex Gaming,CS2,Demo League,13,6
2025-06-02,Ironclad,Solstice,CS2,Demo League,13,9
2025-06-02,Zenith Nine,Solstice,CS2,Demo League,13,10
2025-06-02,Meridian,Kappa Squad,CS2,Demo League,13,4
2025-06-02,Zenith Nine,Kappa Squad,CS2,Demo League,13,4
2025-06-03,Meridian,Nightfall,CS2,Demo League,13,5
2025-06-03,Kappa Squad,Zenith Nine,CS2,Demo League,13,5
2025-06-03,Ironclad,Nightfall,CS2,Demo League,13,4
2025-06-03,Vertex Gaming,Zenith Nine,CS2,Demo League,13,2
2025-06-03,Nova Esports,Zenith Nine,CS2,Demo League,13,4
2025-06-04,Ironclad,Zenith Nine,CS2,Demo League,13,7
2025-06-04,Nova Esports,Nightfall,CS2,Demo League,13,3
2025-06-04,Solstice,Kappa Squad,CS2,Demo League,13,2
2025-06-04,Solstice,Zenith Nine,CS2,Demo League,13,7
2025-06-04,Zenith Nine,Nightfall,CS2,Demo League,13,5
2025-06-05,Solstice,Kappa Squad,CS2,Demo League,13,3
2025-06-05,Ironclad,Kappa Squad,CS2,Demo League,13,10
2025-06-05,Zenith Nine,Ironclad,CS2,Demo League,13,3
2025-06-05,Vertex Gaming,Meridian,CS2,Demo League,13,7
2025-06-05,Solstice,Zenith Nine,CS2,Demo League,13,10
2025-06-06,Vertex Gaming,Meridian,CS2,Demo League,13,2
2025-06-06,Solstice,Nightfall,CS2,Demo League,13,7
2025-06-06,Vertex Gaming,Solstice,CS2,Demo League,13,11
2025-06-06,Nightfall,Zenith Nine,CS2,Demo League,13,4
2025-06-06,Ironclad,Vertex Gaming,CS2,Demo League,13,4
2025-06-07,Zenith Nine,Nightfall,CS2,Demo League,13,8
2025-06-07,Kappa Squad,Zenith Nine,CS2,Demo League,13,2
2025-06-07,Vertex Gaming,Nightfall,CS2,Demo League,13,3
2025-06-07,Solstice,Zenith Nine,CS2,Demo League,13,6
2025-06-07,Nova Esports,Vertex Gaming,CS2,Demo League,13,8
2025-06-08,Nova Esports,Ironclad,CS2,Demo League,13,10
2025-06-08,Ironclad,Zenith Nine,CS2,Demo League,13,10
2025-06-08,Vertex Gaming,Zenith Nine,CS2,Demo League,13,8
2025-06-08,Solstice,Meridian,CS2,Demo League,13,6
2025-06-08,Kappa Squad,Meridian,CS2,Demo League,13,11
2025-06-09,Nova Esports,Zenith Nine,CS2,Demo League,13,7
2025-06-09,Solstice,Vertex Gaming,CS2,Demo League,13,10
2025-06-09,Ironclad,Meridian,CS2,Demo League,13,6
2025-06-09,Nova Esports,Kappa Squad,CS2,Demo League,13,5
2025-06-09,Solstice,Nightfall,CS2,Demo League,13,5
2025-06-10,Kappa Squad,Ironclad,CS2,Demo League,13,5
2025-06-10,Nova Esports,Kappa Squad,CS2,Demo League,13,3
2025-06-10,Solstice,Nightfall,CS2,Demo League,13,11
2025-06-10,Kappa Squad,Vertex Gaming,CS2,Demo League,13,2
2025-06-10,Kappa Squad,Meridian,CS2,Demo League,13,11
2025-06-11,Nova Esports,Vertex Gaming,CS2,Demo League,13,2
2025-06-11,Nightfall,Nova Esports,CS2,Demo League,13,2
2025-06-11,Nova Esports,Zenith Nine,CS2,Demo League,13,8
2025-06-11,Kappa Squad,Zenith Nine,CS2,Demo League,13,5
2025-06-11,Solstice,Meridian,CS2,Demo League,13,6
2025-06-12,Zenith Nine,Nova Esports,CS2,Demo League,13,7
2025-06-12,Ironclad,Vertex Gaming,CS2,Demo League,13,3
2025-06-12,Kappa Squad,Meridian,CS2,Demo League,13,6
2025-06-12,Ironclad,Zenith Nine,CS2,Demo League,13,7
2025-06-12,Kappa Squad,Vertex Gaming,CS2,Demo League,13,6
2025-06-13,Solstice,Nova Esports,CS2,Demo League,13,9
2025-06-13,Meridian,Nightfall,CS2,Demo League,13,6
2025-06-13,Nova Esports,Solstice,CS2,Demo League,13,4
2025-06-13,Nova Esports,Nightfall,CS2,Demo League,13,10
2025-06-13,Kappa Squad,Nightfall,CS2,Demo League,13,2
2025-06-14,Nightfall,Kappa Squad,CS2,Demo League,13,9
2025-06-14,Kappa Squad,Meridian,CS2,Demo League,13,6
2025-06-14,Vertex Gaming,Nova Esports,CS2,Demo League,13,9
2025-06-14,Ironclad,Kappa Squad,CS2,Demo League,13,4
2025-06-14,Nightfall,Meridian,CS2,Demo League,13,7
2025-06-15,Vertex Gaming,Kappa Squad,CS2,Demo League,13,8
2025-06-15,Nova Esports,Zenith Nine,CS2,Demo League,13,5
2025-06-15,Nightfall,Solstice,CS2,Demo League,13,8
2025-06-15,Solstice,Vertex Gaming,CS2,Demo League,13,7
2025-06-15,Ironclad,Kappa Squad,CS2,Demo League,13,5
2025-06-16,Vertex Gaming,Meridian,CS2,Demo League,13,4
2025-06-16,Solstice,Nightfall,CS2,Demo League,13,10
2025-06-16,Nova Esports,Zenith Nine,CS2,Demo League,13,9
2025-06-16,Nova Esports,Ironclad,CS2,Demo League,13,11
2025-06-16,Kappa Squad,Zenith Nine,CS2,Demo League,13,11
2025-06-17,Vertex Gaming,Nightfall,CS2,Demo League,13,7
2025-06-17,Meridian,Ironclad,CS2,Demo League,13,4
2025-06-17,Kappa Squad,Nightfall,CS2,Demo League,13,5
2025-06-17,Vertex Gaming,Nightfall,CS2,Demo League,13,8
2025-06-17,Solstice,Nightfall,CS2,Demo League,13,6
2025-06-18,Ironclad,Nightfall,CS2,Demo League,13,7
2025-06-18,Meridian,Kappa Squad,CS2,Demo League,13,3
2025-06-18,Nova Esports,Kappa Squad,CS2,Demo League,13,10
2025-06-18,Nova Esports,Solstice,CS2,Demo League,13,4
2025-06-18,Ironclad,Nova Esports,CS2,Demo League,13,10
2025-06-19,Ironclad,Zenith Nine,CS2,Demo League,13,10
2025-06-19,Kappa Squad,Ironclad,CS2,Demo League,13,10
2025-06-19,Meridian,Nightfall,CS2,Demo League,13,5
2025-06-19,Vertex Gaming,Nightfall,CS2,Demo League,13,3
2025-06-19,Nova Esports,Nightfall,CS2,Demo League,13,4
2025-06-20,Nova Esports,Zenith Nine,CS2,Demo League,13,3
2025-06-20,Nova Esports,Meridian,CS2,Demo League,13,6
2025-06-20,Vertex Gaming,Ironclad,CS2,Demo League,13,7
2025-06-20,Kappa Squad,Zenith Nine,CS2,Demo League,13,9
2025-06-20,Solstice,Nova Esports,CS2,Demo League,13,3
2025-06-21,Ironclad,Meridian,CS2,Demo League,13,10
2025-06-21,Ironclad,Solstice,CS2,Demo League,13,10
2025-06-21,Kappa Squad,Meridian,CS2,Demo League,13,6
2025-06-21,Nova Esports,Nightfall,CS2,Demo League,13,8
2025-06-21,Nova Esports,Meridian,CS2,Demo League,13,9
2025-06-22,Vertex Gaming,Nightfall,CS2,Demo League,13,5
2025-06-22,Meridian,Zenith Nine,CS2,Demo League,13,9
2025-06-22,Vertex Gaming,Ironclad,CS2,Demo League,13,3
2025-06-22,Nightfall,Ironclad,CS2,Demo League,13,4
2025-06-22,Nova Esports,Nightfall,CS2,Demo League,13,2
2025-06-23,Ironclad,Nightfall,CS2,Demo League,13,9
2025-06-23,Solstice,Nova Esports,CS2,Demo League,13,3
2025-06-23,Vertex Gaming,Zenith Nine,CS2,Demo League,13,7
2025-06-23,Meridian,Solstice,CS2,Demo League,13,2
2025-06-23,Ironclad,Zenith Nine,CS2,Demo League,13,6
2025-06-24,Nova Esports,Zenith Nine,CS2,Demo League,13,6
2025-06-24,Nova Esports,Ironclad,CS2,Demo League,13,5
2025-06-24,Vertex Gaming,Meridian,CS2,Demo League,13,2
2025-06-24,Solstice,Zenith Nine,CS2,Demo League,13,5
2025-06-24,Nova Esports,Vertex Gaming,CS2,Demo League,13,2
2025-06-25,Solstice,Zenith Nine,CS2,Demo League,13,8
2025-06-25,Zenith Nine,Ironclad,CS2,Demo League,13,7
2025-06-25,Meridian,Zenith Nine,CS2,Demo League,13,9
2025-06-25,Ironclad,Kappa Squad,CS2,Demo League,13,7
2025-06-25,Nova Esports,Ironclad,CS2,Demo League,13,2
2025-06-26,Nightfall,Ironclad,CS2,Demo League,13,3
2025-06-26,Ironclad,Kappa Squad,CS2,Demo League,13,11
2025-06-26,Ironclad,Zenith Nine,CS2,Demo League,13,9
2025-06-26,Nova Esports,Zenith Nine,CS2,Demo League,13,8
2025-06-26,Nova Esports,Kappa Squad,CS2,Demo League,13,6
2025-06-27,Zenith Nine,Kappa Squad,CS2,Demo League,13,11
2025-06-27,Vertex Gaming,Nightfall,CS2,Demo League,13,4
2025-06-27,Solstice,Ironclad,CS2,Demo League,13,8
2025-06-27,Nova Esports,Meridian,CS2,Demo League,13,11
2025-06-27,Nightfall,Meridian,CS2,Demo League,13,6
2025-06-28,Nova Esports,Meridian,CS2,Demo League,13,8
2025-06-28,Zenith Nine,Nightfall,CS2,Demo League,13,8
2025-06-28,Vertex Gaming,Meridian,CS2,Demo League,13,9
2025-06-28,Ironclad,Nightfall,CS2,Demo League,13,8
2025-06-28,Nova Esports,Nightfall,CS2,Demo League,13,2
2025-06-29,Vertex Gaming,Kappa Squad,CS2,Demo League,13,9
2025-06-29,Nova Esports,Nightfall,CS2,Demo League,13,4
2025-06-29,Ironclad,Zenith Nine,CS2,Demo League,13,3
2025-06-29,Solstice,Kappa Squad,CS2,Demo League,13,4
2025-06-29,Nova Esports,Zenith Nine,CS2,Demo League,13,7
2025-06-30,Kappa Squad,Zenith Nine,CS2,Demo League,13,3
2025-06-30,Vertex Gaming,Nightfall,CS2,Demo League,13,7
2025-06-30,Solstice,Nightfall,CS2,Demo League,13,11
2025-06-30,Meridian,Solstice,CS2,Demo League,13,2
2025-06-30,Meridian,Solstice,CS2,Demo League,13,6
2025-07-01,Vertex Gaming,Kappa Squad,CS2,Demo League,13,4
2025-07-01,Ironclad,Nightfall,CS2,Demo League,13,9
2025-07-01,Meridian,Ironclad,CS2,Demo League,13,8
2025-07-01,Vertex Gaming,Meridian,CS2,Demo League,13,4
2025-07-01,Solstice,Ironclad,CS2,Demo League,13,7
2025-07-02,Nova Esports,Meridian,CS2,Demo League,13,5
2025-07-02,Nightfall,Ironclad,CS2,Demo League,13,9
2025-07-02,Meridian,Vertex Gaming,CS2,Demo League,13,3
2025-07-02,Nightfall,Zenith Nine,CS2,Demo League,13,4
2025-07-02,Nightfall,Nova Esports,CS2,Demo League,13,10
2025-07-03,Meridian,Nightfall,CS2,Demo League,13,7
2025-07-03,Nightfall,Kappa Squad,CS2,Demo League,13,11
2025-07-03,Vertex Gaming,Kappa Squad,CS2,Demo League,13,10
2025-07-03,Kappa Squad,Zenith Nine,CS2,Demo League,13,2
2025-07-03,Meridian,Nightfall,CS2,Demo League,13,10
2025-07-04,Kappa Squad,Ironclad,CS2,Demo League,13,8
2025-07-04,Solstice,Vertex Gaming,CS2,Demo League,13,7
2025-07-04,Meridian,Nightfall,CS2,Demo League,13,8
2025-07-04,Vertex Gaming,Kappa Squad,CS2,Demo League,13,11
2025-07-04,Nova Esports,Kappa Squad,CS2,Demo League,13,11
2025-07-05,Nova Esports,Meridian,CS2,Demo League,13,4
2025-07-05,Solstice,Nightfall,CS2,Demo League,13,10
2025-07-05,Zenith Nine,Solstice,CS2,Demo League,13,5
2025-07-05,Nightfall,Meridian,CS2,Demo League,13,9
2025-07-05,Kappa Squad,Nightfall,CS2,Demo League,13,7
2025-07-06,Kappa Squad,Meridian,CS2,Demo League,13,2
2025-07-06,Nova Esports,Kappa Squad,CS2,Demo League,13,4
2025-07-06,Kappa Squad,Meridian,CS2,Demo League,13,2
2025-07-06,Nightfall,Kappa Squad,CS2,Demo League,13,11
2025-07-06,Solstice,Nightfall,CS2,Demo League,13,2
2025-07-07,Meridian,Ironclad,CS2,Demo League,13,3
2025-07-07,Meridian,Zenith Nine,CS2,Demo League,13,7
2025-07-07,Kappa Squad,Zenith Nine,CS2,Demo League,13,2
2025-07-07,Nova Esports,Nightfall,CS2,Demo League,13,6
2025-07-07,Nova Esports,Ironclad,CS2,Demo League,13,6
2025-07-08,Ironclad,Nightfall,CS2,Demo League,13,11
2025-07-08,Nightfall,Meridian,CS2,Demo League,13,10
2025-07-08,Solstice,Kappa Squad,CS2,Demo League,13,11
2025-07-08,Meridian,Solstice,CS2,Demo League,13,6
2025-07-08,Nightfall,Ironclad,CS2,Demo League,13,10
2025-07-09,Kappa Squad,Ironclad,CS2,Demo League,13,9
2025-07-09,Nova Esports,Vertex Gaming,CS2,Demo League,13,7
2025-07-09,Nova Esports,Ironclad,CS2,Demo League,13,11
2025-07-09,Solstice,Vertex Gaming,CS2,Demo League,13,5
2025-07-09,Vertex Gaming,Kappa Squad,CS2,Demo League,13,5
2025-07-10,Ironclad,Nightfall,CS2,Demo League,13,7
2025-07-10,Zenith Nine,Meridian,CS2,Demo League,13,4
2025-07-10,Nova Esports,Ironclad,CS2,Demo League,13,7
2025-07-10,Solstice,Meridian,CS2,Demo League,13,7
2025-07-10,Meridian,Kappa Squad,CS2,Demo League,13,7
2025-07-11,Nova Esports,Solstice,CS2,Demo League,13,9
2025-07-11,Kappa Squad,Nova Esports,CS2,Demo League,13,7
2025-07-11,Vertex Gaming,Solstice,CS2,Demo League,13,2
2025-07-11,Nova Esports,Nightfall,CS2,Demo League,13,2
2025-07-11,Ironclad,Nightfall,CS2,Demo League,13,11
2025-07-12,Nightfall,Zenith Nine,CS2,Demo League,13,11
2025-07-12,Ironclad,Meridian,CS2,Demo League,13,2
2025-07-12,Vertex Gaming,Nightfall,CS2,Demo League,13,7
2025-07-12,Kappa Squad,Vertex Gaming,CS2,Demo League,13,5
2025-07-12,Zenith Nine,Vertex Gaming,CS2,Demo League,13,4
2025-07-13,Meridian,Nova Esports,CS2,Demo League,13,3
2025-07-13,Ironclad,Zenith Nine,CS2,Demo League,13,10
2025-07-13,Ironclad,Meridian,CS2,Demo League,13,11
2025-07-13,Ironclad,Meridian,CS2,Demo League,13,9
2025-07-13,Meridian,Zenith Nine,CS2,Demo League,13,4
2025-07-14,Nightfall,Kappa Squad,CS2,Demo League,13,11
2025-07-14,Kappa Squad,Nightfall,CS2,Demo League,13,2
2025-07-14,Zenith Nine,Ironclad,CS2,Demo League,13,10
2025-07-14,Solstice,Ironclad,CS2,Demo League,13,3
2025-07-14,Ironclad,Meridian,CS2,Demo League,13,4
2025-07-15,Vertex Gaming,Nova Esports,CS2,Demo League,13,9
2025-07-15,Zenith Nine,Solstice,CS2,Demo League,13,3
2025-07-15,Meridian,Zenith Nine,CS2,Demo League,13,5
2025-07-15,Solstice,Nova Esports,CS2,Demo League,13,11
2025-07-15,Solstice,Nightfall,CS2,Demo League,13,5
2025-07-16,Kappa Squad,Nightfall,CS2,Demo League,13,10
2025-07-16,Vertex Gaming,Kappa Squad,CS2,Demo League,13,2
2025-07-16,Nova Esports,Vertex Gaming,CS2,Demo League,13,4
2025-07-16,Solstice,Nightfall,CS2,Demo League,13,4
2025-07-16,Nightfall,Zenith Nine,CS2,Demo League,13,5
2025-07-17,Solstice,Ironclad,CS2,Demo League,13,5
2025-07-17,Nightfall,Meridian,CS2,Demo League,13,8
2025-07-17,Zenith Nine,Nightfall,CS2,Demo League,13,2
2025-07-17,Nova Esports,Nightfall,CS2,Demo League,13,9
2025-07-17,Ironclad,Meridian,CS2,Demo League,13,11
2025-07-18,Kappa Squad,Meridian,CS2,Demo League,13,3
2025-07-18,Nova Esports,Solstice,CS2,Demo League,13,4
2025-07-18,Meridian,Vertex Gaming,CS2,Demo League,13,5
2025-07-18,Kappa Squad,Meridian,CS2,Demo League,13,9
2025-07-18,Vertex Gaming,Solstice,CS2,Demo League,13,7
2025-07-19,Meridian,Kappa Squad,CS2,Demo League,13,9
2025-07-19,Meridian,Solstice,CS2,Demo League,13,2
2025-07-19,Vertex Gaming,Kappa Squad,CS2,Demo League,13,10
2025-07-19,Kappa Squad,Ironclad,CS2,Demo League,13,2
2025-07-19,Ironclad,Nightfall,CS2,Demo League,13,3
2025-07-20,Meridian,Zenith Nine,CS2,Demo League,13,6
2025-07-20,Kappa Squad,Meridian,CS2,Demo League,13,10
2025-07-20,Zenith Nine,Nightfall,CS2,Demo League,13,3
2025-07-20,Kappa Squad,Ironclad,CS2,Demo League,13,8
2025-07-20,Ironclad,Meridian,CS2,Demo League,13,10
2025-07-21,Vertex Gaming,Nightfall,CS2,Demo League,13,7
2025-07-21,Vertex Gaming,Solstice,CS2,Demo League,13,10
2025-07-21,Solstice,Zenith Nine,CS2,Demo League,13,4
2025-07-21,Ironclad,Kappa Squad,CS2,Demo League,13,8
2025-07-21,Nova Esports,Zenith Nine,CS2,Demo League,13,2
2025-07-22,Solstice,Kappa Squad,CS2,Demo League,13,4
2025-07-22,Nova Esports,Vertex Gaming,CS2,Demo League,13,10
2025-07-22,Ironclad,Meridian,CS2,Demo League,13,5
2025-07-22,Kappa Squad,Zenith Nine,CS2,Demo League,13,8
2025-07-22,Nova Esports,Kappa Squad,CS2,Demo League,13,6
2025-07-23,Zenith Nine,Vertex Gaming,CS2,Demo League,13,8
2025-07-23,Kappa Squad,Nightfall,CS2,Demo League,13,3
2025-07-23,Nova Esports,Nightfall,CS2,Demo League,13,8
2025-07-23,Nova Esports,Vertex Gaming,CS2,Demo League,13,8
2025-07-23,Solstice,Meridian,CS2,Demo League,13,8
2025-07-24,Meridian,Vertex Gaming,CS2,Demo League,13,8
2025-07-24,Nova Esports,Meridian,CS2,Demo League,13,11
2025-07-24,Nightfall,Solstice,CS2,Demo League,13,11
2025-07-24,Nova Esports,Ironclad,CS2,Demo League,13,8
2025-07-24,Nightfall,Kappa Squad,CS2,Demo League,13,5
2025-07-25,Meridian,Nova Esports,CS2,Demo League,13,11
2025-07-25,Nightfall,Zenith Nine,CS2,Demo League,13,3
2025-07-25,Vertex Gaming,Zenith Nine,CS2,Demo League,13,6
2025-07-25,Meridian,Nightfall,CS2,Demo League,13,9
2025-07-25,Solstice,Zenith Nine,CS2,Demo League,13,10
2025-07-26,Meridian,Nova Esports,CS2,Demo League,13,6
2025-07-26,Vertex Gaming,Zenith Nine,CS2,Demo League,13,3
2025-07-26,Vertex Gaming,Meridian,CS2,Demo League,13,11
2025-07-26,Vertex Gaming,Nightfall,CS2,Demo League,13,3
2025-07-26,Ironclad,Nova Esports,CS2,Demo League,13,11
2025-07-27,Vertex Gaming,Zenith Nine,CS2,Demo League,13,11
2025-07-27,Nova Esports,Ironclad,CS2,Demo League,13,7
2025-07-27,Nova Esports,Zenith Nine,CS2,Demo League,13,7
2025-07-27,Meridian,Ironclad,CS2,Demo League,13,9
2025-07-27,Vertex Gaming,Zenith Nine,CS2,Demo League,13,2
2025-07-28,Nova Esports,Vertex Gaming,CS2,Demo League,13,10
2025-07-28,Solstice,Zenith Nine,CS2,Demo League,13,3
2025-07-28,Ironclad,Kappa Squad,CS2,Demo League,13,11
2025-07-28,Nightfall,Zenith Nine,CS2,Demo League,13,4
2025-07-28,Zenith Nine,Kappa Squad,CS2,Demo League,13,9
2025-07-29,Vertex Gaming,Kappa Squad,CS2,Demo League,13,5
2025-07-29,Ironclad,Nightfall,CS2,Demo League,13,10
2025-07-29,Solstice,Ironclad,CS2,Demo League,13,3
2025-07-29,Vertex Gaming,Nightfall,CS2,Demo League,13,3
2025-07-29,Vertex Gaming,Solstice,CS2,Demo League,13,11
2025-07-30,Ironclad,Vertex Gaming,CS2,Demo League,13,4
2025-07-30,Vertex Gaming,Zenith Nine,CS2,Demo League,13,10
2025-07-30,Nova Esports,Zenith Nine,CS2,Demo League,13,9
2025-07-30,Solstice,Nightfall,CS2,Demo League,13,11
2025-07-30,Meridian,Kappa Squad,CS2,Demo League,13,5
2025-07-31,Solstice,Meridian,CS2,Demo League,13,5
2025-07-31,Solstice,Kappa Squad,CS2,Demo League,13,11
2025-07-31,Kappa Squad,Meridian,CS2,Demo League,13,5
2025-07-31,Nova Esports,Ironclad,CS2,Demo League,13,8
2025-07-31,Vertex Gaming,Nightfall,CS2,Demo League,13,9
2025-08-01,Vertex Gaming,Zenith Nine,CS2,Demo League,13,6
2025-08-01,Nova Esports,Meridian,CS2,Demo League,13,8
2025-08-01,Ironclad,Meridian,CS2,Demo League,13,4
2025-08-01,Ironclad,Meridian,CS2,Demo League,13,8
2025-08-01,Meridian,Vertex Gaming,CS2,Demo League,13,3
2025-08-02,Kappa Squad,Nova Esports,CS2,Demo League,13,10
2025-08-02,Meridian,Zenith Nine,CS2,Demo League,13,2
2025-08-02,Nightfall,Kappa Squad,CS2,Demo League,13,8
2025-08-02,Solstice,Nova Esports,CS2,Demo League,13,2
2025-08-02,Ironclad,Meridian,CS2,Demo League,13,4
2025-08-03,Kappa Squad,Vertex Gaming,CS2,Demo League,13,2
2025-08-03,Vertex Gaming,Solstice,CS2,Demo League,13,11
2025-08-03,Kappa Squad,Vertex Gaming,CS2,Demo League,13,10
2025-08-03,Kappa Squad,Nightfall,CS2,Demo League,13,10
2025-08-03,Meridian,Zenith Nine,CS2,Demo League,13,10
2025-08-04,Nova Esports,Kappa Squad,CS2,Demo League,13,9
2025-08-04,Nova Esports,Zenith Nine,CS2,Demo League,13,11
2025-08-04,Ironclad,Kappa Squad,CS2,Demo League,13,3
2025-08-04,Nightfall,Meridian,CS2,Demo League,13,10
2025-08-04,Zenith Nine,Nova Esports,CS2,Demo League,13,10
2025-08-05,Solstice,Ironclad,CS2,Demo League,13,4
2025-08-05,Ironclad,Nova Esports,CS2,Demo League,13,11
2025-08-05,Kappa Squad,Zenith Nine,CS2,Demo League,13,5
2025-08-05,Nova Esports,Meridian,CS2,Demo League,13,11
2025-08-05,Solstice,Nightfall,CS2,Demo League,13,6
2025-08-06,Vertex Gaming,Solstice,CS2,Demo League,13,9
2025-08-06,Ironclad,Vertex Gaming,CS2,Demo League,13,8
2025-08-06,Meridian,Vertex Gaming,CS2,Demo League,13,10
2025-08-06,Vertex Gaming,Nightfall,CS2,Demo League,13,7
2025-08-06,Nova Esports,Vertex Gaming,CS2,Demo League,13,4
2025-08-07,Meridian,Nightfall,CS2,Demo League,13,7
2025-08-07,Nightfall,Nova Esports,CS2,Demo League,13,8
2025-08-07,Nova Esports,Zenith Nine,CS2,Demo League,13,8
2025-08-07,Kappa Squad,Meridian,CS2,Demo League,13,9
2025-08-07,Solstice,Zenith Nine,CS2,Demo League,13,7
2025-08-08,Ironclad,Zenith Nine,CS2,Demo League,13,9
2025-08-08,Nightfall,Solstice,CS2,Demo League,13,10
2025-08-08,Nightfall,Kappa Squad,CS2,Demo League,13,6
2025-08-08,Zenith Nine,Vertex Gaming,CS2,Demo League,13,3
2025-08-08,Zenith Nine,Kappa Squad,CS2,Demo League,13,10
2025-08-09,Ironclad,Solstice,CS2,Demo League,13,9
2025-08-09,Meridian,Kappa Squad,CS2,Demo League,13,11
2025-08-09,Nova Esports,Ironclad,CS2,Demo League,13,6
2025-08-09,Nova Esports,Kappa Squad,CS2,Demo League,13,11
2025-08-09,Kappa Squad,Vertex Gaming,CS2,Demo League,13,3
2025-08-10,Kappa Squad,Zenith Nine,CS2,Demo League,13,4
2025-08-10,Meridian,Nightfall,CS2,Demo League,13,2
2025-08-10,Meridian,Kappa Squad,CS2,Demo League,13,7
2025-08-10,Nova Esports,Zenith Nine,CS2,Demo League,13,8
2025-08-10,Nightfall,Kappa Squad,CS2,Demo League,13,8
2025-08-11,Nova Esports,Zenith Nine,CS2,Demo League,13,8
2025-08-11,Zenith Nine,Nova Esports,CS2,Demo League,13,7
2025-08-11,Nova Esports,Solstice,CS2,Demo League,13,8
2025-08-11,Nova Esports,Ironclad,CS2,Demo League,13,3
2025-08-11,Ironclad,Kappa Squad,CS2,Demo League,13,2
2025-08-12,Ironclad,Kappa Squad,CS2,Demo League,13,7
2025-08-12,Vertex Gaming,Nightfall,CS2,Demo League,13,11
2025-08-12,Meridian,Zenith Nine,CS2,Demo League,13,6
2025-08-12,Ironclad,Zenith Nine,CS2,Demo League,13,9
2025-08-12,Vertex Gaming,Kappa Squad,CS2,Demo League,13,6
2025-08-13,Nova Esports,Meridian,CS2,Demo League,13,7
2025-08-13,Nightfall,Zenith Nine,CS2,Demo League,13,2
2025-08-13,Solstice,Meridian,CS2,Demo League,13,10
2025-08-13,Ironclad,Zenith Nine,CS2,Demo League,13,7
2025-08-13,Ironclad,Solstice,CS2,Demo League,13,8
2025-08-14,Kappa Squad,Ironclad,CS2,Demo League,13,4
2025-08-14,Solstice,Kappa Squad,CS2,Demo League,13,7
2025-08-14,Vertex Gaming,Zenith Nine,CS2,Demo League,13,3
2025-08-14,Vertex Gaming,Zenith Nine,CS2,Demo League,13,3
2025-08-14,Kappa Squad,Meridian,CS2,Demo League,13,3
2025-08-15,Vertex Gaming,Meridian,CS2,Demo League,13,5
2025-08-15,Ironclad,Zenith Nine,CS2,Demo League,13,10
2025-08-15,Nova Esports,Solstice,CS2,Demo League,13,6
2025-08-15,Nightfall,Nova Esports,CS2,Demo League,13,5
2025-08-15,Meridian,Solstice,CS2,Demo League,13,8
2025-08-16,Meridian,Kappa Squad,CS2,Demo League,13,3
2025-08-16,Vertex Gaming,Zenith Nine,CS2,Demo League,13,10
2025-08-16,Meridian,Solstice,CS2,Demo League,13,2
2025-08-16,Vertex Gaming,Nightfall,CS2,Demo League,13,3
2025-08-16,Ironclad,Meridian,CS2,Demo League,13,9
2025-08-17,Nova Esports,Nightfall,CS2,Demo League,13,3
2025-08-17,Nova Esports,Zenith Nine,CS2,Demo League,13,4
2025-08-17,Ironclad,Nightfall,CS2,Demo League,13,10
2025-08-17,Ironclad,Kappa Squad,CS2,Demo League,13,6
2025-08-17,Vertex Gaming,Ironclad,CS2,Demo League,13,5
2025-08-18,Solstice,Meridian,CS2,Demo League,13,6
2025-08-18,Zenith Nine,Vertex Gaming,CS2,Demo League,13,11
2025-08-18,Ironclad,Zenith Nine,CS2,Demo League,13,11
2025-08-18,Nova Esports,Kappa Squad,CS2,Demo League,13,4
2025-08-18,Nova Esports,Nightfall,CS2,Demo League,13,7
2025-08-19,Nightfall,Kappa Squad,CS2,Demo League,13,6
2025-08-19,Nova Esports,Solstice,CS2,Demo League,13,7
2025-08-19,Nova Esports,Nightfall,CS2,Demo League,13,10
2025-08-19,Ironclad,Kappa Squad,CS2,Demo League,13,8
2025-08-19,Nova Esports,Solstice,CS2,Demo League,13,11
2025-08-20,Nova Esports,Ironclad,CS2,Demo League,13,8
2025-08-20,Solstice,Ironclad,CS2,Demo League,13,2
2025-08-20,Nova Esports,Ironclad,CS2,Demo League,13,2
2025-08-20,Meridian,Ironclad,CS2,Demo League,13,3
2025-08-20,Meridian,Kappa Squad,CS2,Demo League,13,7
2025-08-21,Nova Esports,Nightfall,CS2,Demo League,13,5
2025-08-21,Nova Esports,Solstice,CS2,Demo League,13,4
2025-08-21,Vertex Gaming,Ironclad,CS2,Demo League,13,3
2025-08-21,Nova Esports,Nightfall,CS2,Demo League,13,11
2025-08-21,Ironclad,Zenith Nine,CS2,Demo League,13,4
2025-08-22,Vertex Gaming,Kappa Squad,CS2,Demo League,13,3
2025-08-22,Nova Esports,Nightfall,CS2,Demo League,13,4
2025-08-22,Kappa Squad,Zenith Nine,CS2,Demo League,13,10
2025-08-22,Solstice,Kappa Squad,CS2,Demo League,13,10
2025-08-22,Solstice,Meridian,CS2,Demo League,13,9
2025-08-23,Kappa Squad,Zenith Nine,CS2,Demo League,13,7
2025-08-23,Meridian,Kappa Squad,CS2,Demo League,13,5
2025-08-23,Solstice,Zenith Nine,CS2,Demo League,13,8
2025-08-23,Nova Esports,Solstice,CS2,Demo League,13,7
2025-08-23,Vertex Gaming,Ironclad,CS2,Demo League,13,9
2025-08-24,Kappa Squad,Meridian,CS2,Demo League,13,11
2025-08-24,Nightfall,Ironclad,CS2,Demo League,13,10
2025-08-24,Nova Esports,Zenith Nine,CS2,Demo League,13,3
2025-08-24,Solstice,Kappa Squad,CS2,Demo League,13,8
2025-08-24,Vertex Gaming,Nightfall,CS2,Demo League,13,2
2025-08-25,Meridian,Kappa Squad,CS2,Demo League,13,10
2025-08-25,Ironclad,Kappa Squad,CS2,Demo League,13,6
2025-08-25,Meridian,Zenith Nine,CS2,Demo League,13,7
2025-08-25,Kappa Squad,Ironclad,CS2,Demo League,13,5
2025-08-25,Vertex Gaming,Kappa Squad,CS2,Demo League,13,2
2025-08-26,Ironclad,Zenith Nine,CS2,Demo League,13,6
2025-08-26,Meridian,Solstice,CS2,Demo League,13,6
2025-08-26,Nova Esports,Solstice,CS2,Demo League,13,6
2025-08-26,Meridian,Ironclad,CS2,Demo League,13,2
2025-08-26,Nightfall,Solstice,CS2,Demo League,13,8
2025-08-27,Nightfall,Ironclad,CS2,Demo League,13,4
2025-08-27,Ironclad,Meridian,CS2,Demo League,13,7
2025-08-27,Nova Esports,Ironclad,CS2,Demo League,13,7
2025-08-27,Vertex Gaming,Meridian,CS2,Demo League,13,7
2025-08-27,Meridian,Zenith Nine,CS2,Demo League,13,4
2025-08-28,Nova Esports,Ironclad,CS2,Demo League,13,10
2025-08-28,Solstice,Meridian,CS2,Demo League,13,3
2025-08-28,Meridian,Zenith Nine,CS2,Demo League,13,7
2025-08-28,Ironclad,Solstice,CS2,Demo League,13,2
2025-08-28,Ironclad,Meridian,CS2,Demo League,13,10
2025-08-29,Kappa Squad,Zenith Nine,CS2,Demo League,13,2
2025-08-29,Vertex Gaming,Kappa Squad,CS2,Demo League,13,6
2025-08-29,Solstice,Ironclad,CS2,Demo League,13,7
2025-08-29,Nova Esports,Vertex Gaming,CS2,Demo League,13,11
2025-08-29,Zenith Nine,Nightfall,CS2,Demo League,13,7
2025-08-30,Nova Esports,Vertex Gaming,CS2,Demo League,13,10
2025-08-30,Nova Esports,Ironclad,CS2,Demo League,13,4
2025-08-30,Nova Esports,Meridian,CS2,Demo League,13,5
2025-08-30,Kappa Squad,Nightfall,CS2,Demo League,13,10
2025-08-30,Vertex Gaming,Zenith Nine,CS2,Demo League,13,6
2025-08-31,Vertex Gaming,Solstice,CS2,Demo League,13,2
2025-08-31,Solstice,Vertex Gaming,CS2,Demo League,13,9
2025-08-31,Nightfall,Ironclad,CS2,Demo League,13,6
2025-08-31,Vertex Gaming,Meridian,CS2,Demo League,13,10
2025-08-31,Meridian,Nightfall,CS2,Demo League,13,10
2025-09-01,Nova Esports,Vertex Gaming,CS2,Demo League,13,10
2025-09-01,Zenith Nine,Solstice,CS2,Demo League,13,10
2025-09-01,Solstice,Zenith Nine,CS2,Demo League,13,10
2025-09-01,Vertex Gaming,Nightfall,CS2,Demo League,13,10
2025-09-01,Kappa Squad,Ironclad,CS2,Demo League,13,6
2025-09-02,Kappa Squad,Zenith Nine,CS2,Demo League,13,6
2025-09-02,Meridian,Nightfall,CS2,Demo League,13,6
2025-09-02,Nova Esports,Ironclad,CS2,Demo League,13,7
2025-09-02,Ironclad,Zenith Nine,CS2,Demo League,13,4
2025-09-02,Ironclad,Nightfall,CS2,Demo League,13,4
2025-09-03,Solstice,Ironclad,CS2,Demo League,13,5
2025-09-03,Solstice,Nightfall,CS2,Demo League,13,6
2025-09-03,Nova Esports,Zenith Nine,CS2,Demo League,13,3
2025-09-03,Nova Esports,Nightfall,CS2,Demo League,13,4
2025-09-03,Kappa Squad,Zenith Nine,CS2,Demo League,13,8
2025-09-04,Solstice,Meridian,CS2,Demo League,13,4
2025-09-04,Solstice,Meridian,CS2,Demo League,13,8
2025-09-04,Vertex Gaming,Solstice,CS2,Demo League,13,8
2025-09-04,Ironclad,Nova Esports,CS2,Demo League,13,2
2025-09-04,Vertex Gaming,Nova Esports,CS2,Demo League,13,9
2025-09-05,Ironclad,Nightfall,CS2,Demo League,13,2
2025-09-05,Nightfall,Zenith Nine,CS2,Demo League,13,2
2025-09-05,Meridian,Ironclad,CS2,Demo League,13,6
2025-09-05,Nova Esports,Zenith Nine,CS2,Demo League,13,3
2025-09-05,Solstice,Kappa Squad,CS2,Demo League,13,4
2025-09-06,Nova Esports,Kappa Squad,CS2,Demo League,13,3
2025-09-06,Solstice,Kappa Squad,CS2,Demo League,13,3
2025-09-06,Vertex Gaming,Zenith Nine,CS2,Demo League,13,4
2025-09-06,Nightfall,Nova Esports,CS2,Demo League,13,9
2025-09-06,Vertex Gaming,Nightfall,CS2,Demo League,13,3
2025-09-07,Nova Esports,Kappa Squad,CS2,Demo League,13,4
2025-09-07,Solstice,Meridian,CS2,Demo League,13,6
2025-09-07,Ironclad,Nova Esports,CS2,Demo League,13,4
2025-09-07,Meridian,Zenith Nine,CS2,Demo League,13,4
2025-09-07,Meridian,Solstice,CS2,Demo League,13,3
2025-09-08,Nova Esports,Solstice,CS2,Demo League,13,9
2025-09-08,Nova Esports,Meridian,CS2,Demo League,13,5
2025-09-08,Nova Esports,Nightfall,CS2,Demo League,13,2
2025-09-08,Nova Esports,Nightfall,CS2,Demo League,13,11
2025-09-08,Nova Esports,Meridian,CS2,Demo League,13,10
2025-09-09,Solstice,Kappa Squad,CS2,Demo League,13,11
2025-09-09,Vertex Gaming,Solstice,CS2,Demo League,13,10
2025-09-09,Meridian,Vertex Gaming,CS2,Demo League,13,7
2025-09-09,Meridian,Zenith Nine,CS2,Demo League,13,11
2025-09-09,Nova Esports,Meridian,CS2,Demo League,13,9
2025-09-10,Nova Esports,Zenith Nine,CS2,Demo League,13,7
2025-09-10,Nightfall,Ironclad,CS2,Demo League,13,5
2025-09-10,Kappa Squad,Meridian,CS2,Demo League,13,10
2025-09-10,Vertex Gaming,Kappa Squad,CS2,Demo League,13,10
2025-09-10,Vertex Gaming,Kappa Squad,CS2,Demo League,13,6
2025-09-11,Kappa Squad,Nightfall,CS2,Demo League,13,2
2025-09-11,Nightfall,Meridian,CS2,Demo League,13,9
2025-09-11,Meridian,Zenith Nine,CS2,Demo League,13,6
2025-09-11,Nova Esports,Meridian,CS2,Demo League,13,3
2025-09-11,Vertex Gaming,Meridian,CS2,Demo League,13,6
2025-09-12,Ironclad,Meridian,CS2,Demo League,13,11
2025-09-12,Kappa Squad,Zenith Nine,CS2,Demo League,13,6
2025-09-12,Nova Esports,Ironclad,CS2,Demo League,13,9
2025-09-12,Nova Esports,Meridian,CS2,Demo League,13,3
2025-09-12,Solstice,Ironclad,CS2,Demo League,13,8
2025-09-13,Kappa Squad,Zenith Nine,CS2,Demo League,13,6
2025-09-13,Kappa Squad,Zenith Nine,CS2,Demo League,13,9
2025-09-13,Solstice,Meridian,CS2,Demo League,13,8
2025-09-13,Nova Esports,Kappa Squad,CS2,Demo League,13,8
2025-09-13,Meridian,Zenith Nine,CS2,Demo League,13,9
2025-09-14,Meridian,Ironclad,CS2,Demo League,13,5
2025-09-14,Solstice,Nightfall,CS2,Demo League,13,10
2025-09-14,Nova Esports,Ironclad,CS2,Demo League,13,4
2025-09-14,Nova Esports,Vertex Gaming,CS2,Demo League,13,5
2025-09-14,Ironclad,Zenith Nine,CS2,Demo League,13,11
2025-09-15,Nova Esports,Kappa Squad,CS2,Demo League,13,9
2025-09-15,Meridian,Ironclad,CS2,Demo League,13,9
2025-09-15,Solstice,Nightfall,CS2,Demo League,13,5
2025-09-15,Meridian,Kappa Squad,CS2,Demo League,13,3
2025-09-15,Kappa Squad,Meridian,CS2,Demo League,13,11
2025-09-16,Nova Esports,Meridian,CS2,Demo League,13,10
2025-09-16,Meridian,Vertex Gaming,CS2,Demo League,13,5
2025-09-16,Nova Esports,Vertex Gaming,CS2,Demo League,13,4
2025-09-16,Nightfall,Ironclad,CS2,Demo League,13,5
2025-09-16,Meridian,Zenith Nine,CS2,Demo League,13,2
2025-09-17,Zenith Nine,Solstice,CS2,Demo League,13,10
2025-09-17,Vertex Gaming,Ironclad,CS2,Demo League,13,8
2025-09-17,Nova Esports,Vertex Gaming,CS2,Demo League,13,11
2025-09-17,Ironclad,Zenith Nine,CS2,Demo League,13,10
2025-09-17,Nova Esports,Ironclad,CS2,Demo League,13,7
2025-09-18,Meridian,Kappa Squad,CS2,Demo League,13,4
2025-09-18,Solstice,Ironclad,CS2,Demo League,13,9
2025-09-18,Nightfall,Vertex Gaming,CS2,Demo League,13,2
2025-09-18,Nova Esports,Kappa Squad,CS2,Demo League,13,6
2025-09-18,Nightfall,Meridian,CS2,Demo League,13,9
2025-09-19,Nightfall,Nova Esports,CS2,Demo League,13,6
2025-09-19,Solstice,Nova Esports,CS2,Demo League,13,7
2025-09-19,Solstice,Nightfall,CS2,Demo League,13,6
2025-09-19,Nightfall,Kappa Squad,CS2,Demo League,13,3
2025-09-19,Zenith Nine,Meridian,CS2,Demo League,13,4
2025-09-20,Ironclad,Nightfall,CS2,Demo League,13,5
2025-09-20,Ironclad,Meridian,CS2,Demo League,13,6
2025-09-20,Ironclad,Vertex Gaming,CS2,Demo League,13,11
2025-09-20,Solstice,Zenith Nine,CS2,Demo League,13,4
2025-09-20,Zenith Nine,Kappa Squad,CS2,Demo League,13,2
2025-09-21,Meridian,Nova Esports,CS2,Demo League,13,7
2025-09-21,Ironclad,Nova Esports,CS2,Demo League,13,6
2025-09-21,Kappa Squad,Vertex Gaming,CS2,Demo League,13,8
2025-09-21,Kappa Squad,Nightfall,CS2,Demo League,13,4
2025-09-21,Meridian,Solstice,CS2,Demo League,13,7
2025-09-22,Kappa Squad,Ironclad,CS2,Demo League,13,9
2025-09-22,Kappa Squad,Vertex Gaming,CS2,Demo League,13,4
2025-09-22,Vertex Gaming,Meridian,CS2,Demo League,13,8
2025-09-22,Kappa Squad,Nova Esports,CS2,Demo League,13,2
2025-09-22,Vertex Gaming,Meridian,CS2,Demo League,13,10
2025-09-23,Meridian,Nova Esports,CS2,Demo League,13,3
2025-09-23,Zenith Nine,Vertex Gaming,CS2,Demo League,13,8
2025-09-23,Meridian,Zenith Nine,CS2,Demo League,13,11
2025-09-23,Meridian,Nova Esports,CS2,Demo League,13,2
2025-09-23,Solstice,Nightfall,CS2,Demo League,13,3
2025-09-24,Nova Esports,Nightfall,CS2,Demo League,13,10
2025-09-24,Meridian,Vertex Gaming,CS2,Demo League,13,3
2025-09-24,Nova Esports,Kappa Squad,CS2,Demo League,13,7
2025-09-24,Kappa Squad,Nightfall,CS2,Demo League,13,5
2025-09-24,Zenith Nine,Kappa Squad,CS2,Demo League,13,4
2025-09-25,Nova Esports,Vertex Gaming,CS2,Demo League,13,5
2025-09-25,Nova Esports,Nightfall,CS2,Demo League,13,9
2025-09-25,Solstice,Kappa Squad,CS2,Demo League,13,9
2025-09-25,Ironclad,Kappa Squad,CS2,Demo League,13,11
2025-09-25,Solstice,Zenith Nine,CS2,Demo League,13,10
2025-09-26,Solstice,Zenith Nine,CS2,Demo League,13,7
2025-09-26,Nova Esports,Nightfall,CS2,Demo League,13,5
2025-09-26,Nova Esports,Kappa Squad,CS2,Demo League,13,6
2025-09-26,Meridian,Zenith Nine,CS2,Demo League,13,5
2025-09-26,Ironclad,Nova Esports,CS2,Demo League,13,5
2025-09-27,Ironclad,Zenith Nine,CS2,Demo League,13,8
2025-09-27,Nightfall,Meridian,CS2,Demo League,13,9
2025-09-27,Vertex Gaming,Ironclad,CS2,Demo League,13,5
2025-09-27,Nova Esports,Nightfall,CS2,Demo League,13,9
2025-09-27,Ironclad,Vertex Gaming,CS2,Demo League,13,2
2025-09-28,Zenith Nine,Kappa Squad,CS2,Demo League,13,11
2025-09-28,Vertex Gaming,Nightfall,CS2,Demo League,13,2
2025-09-28,Meridian,Solstice,CS2,Demo League,13,5
2025-09-28,Solstice,Kappa Squad,CS2,Demo League,13,10
2025-09-28,Nova Esports,Meridian,CS2,Demo League,13,2
2025-09-29,Meridian,Solstice,CS2,Demo League,13,2
2025-09-29,Vertex Gaming,Nightfall,CS2,Demo League,13,6
2025-09-29,Vertex Gaming,Nightfall,CS2,Demo League,13,9
2025-09-29,Kappa Squad,Meridian,CS2,Demo League,13,2
2025-09-29,Solstice,Meridian,CS2,Demo League,13,2
2025-09-30,Ironclad,Nightfall,CS2,Demo League,13,7
2025-09-30,Solstice,Ironclad,CS2,Demo League,13,5
2025-09-30,Nightfall,Meridian,CS2,Demo League,13,9
2025-09-30,Ironclad,Nova Esports,CS2,Demo League,13,8
2025-09-30,Solstice,Kappa Squad,CS2,Demo League,13,4
2025-10-01,Ironclad,Nightfall,CS2,Demo League,13,6
2025-10-01,Nova Esports,Solstice,CS2,Demo League,13,7
2025-10-01,Solstice,Vertex Gaming,CS2,Demo League,13,10
2025-10-01,Kappa Squad,Ironclad,CS2,Demo League,13,9
2025-10-01,Zenith Nine,Ironclad,CS2,Demo League,13,4
2025-10-02,Solstice,Kappa Squad,CS2,Demo League,13,6
2025-10-02,Ironclad,Meridian,CS2,Demo League,13,8
2025-10-02,Vertex Gaming,Nightfall,CS2,Demo League,13,8
2025-10-02,Nova Esports,Vertex Gaming,CS2,Demo League,13,2
2025-10-02,Nova Esports,Zenith Nine,CS2,Demo League,13,7
2025-10-03,Nova Esports,Nightfall,CS2,Demo League,13,5
2025-10-03,Kappa Squad,Vertex Gaming,CS2,Demo League,13,8
2025-10-03,Vertex Gaming,Zenith Nine,CS2,Demo League,13,8
2025-10-03,Solstice,Ironclad,CS2,Demo League,13,10
2025-10-03,Vertex Gaming,Kappa Squad,CS2,Demo League,13,2
2025-10-04,Kappa Squad,Zenith Nine,CS2,Demo League,13,7
2025-10-04,Solstice,Zenith Nine,CS2,Demo League,13,2
2025-10-04,Ironclad,Vertex Gaming,CS2,Demo League,13,10
2025-10-04,Nightfall,Meridian,CS2,Demo League,13,6
2025-10-04,Nova Esports,Zenith Nine,CS2,Demo League,13,11
2025-10-05,Nightfall,Zenith Nine,CS2,Demo League,13,7
2025-10-05,Vertex Gaming,Zenith Nine,CS2,Demo League,13,8
2025-10-05,Vertex Gaming,Nova Esports,CS2,Demo League,13,5
2025-10-05,Nightfall,Kappa Squad,CS2,Demo League,13,4
2025-10-05,Meridian,Kappa Squad,CS2,Demo League,13,6
2025-10-06,Nova Esports,Ironclad,CS2,Demo League,13,4
2025-10-06,Zenith Nine,Meridian,CS2,Demo League,13,6
2025-10-06,Ironclad,Kappa Squad,CS2,Demo League,13,5
2025-10-06,Vertex Gaming,Kappa Squad,CS2,Demo League,13,4
2025-10-06,Nova Esports,Ironclad,CS2,Demo League,13,7
2025-10-07,Nightfall,Zenith Nine,CS2,Demo League,13,4
2025-10-07,Meridian,Kappa Squad,CS2,Demo League,13,7
2025-10-07,Kappa Squad,Solstice,CS2,Demo League,13,7
2025-10-07,Nightfall,Vertex Gaming,CS2,Demo League,13,5
2025-10-07,Solstice,Zenith Nine,CS2,Demo League,13,10
2025-10-08,Nightfall,Zenith Nine,CS2,Demo League,13,8
2025-10-08,Nova Esports,Solstice,CS2,Demo League,13,2
2025-10-08,Kappa Squad,Nightfall,CS2,Demo League,13,3
2025-10-08,Vertex Gaming,Zenith Nine,CS2,Demo League,13,8
2025-10-08,Ironclad,Nova Esports,CS2,Demo League,13,10
2025-10-09,Vertex Gaming,Zenith Nine,CS2,Demo League,13,6
2025-10-09,Vertex Gaming,Ironclad,CS2,Demo League,13,8
2025-10-09,Vertex Gaming,Kappa Squad,CS2,Demo League,13,4
2025-10-09,Nova Esports,Zenith Nine,CS2,Demo League,13,4
2025-10-09,Nova Esports,Ironclad,CS2,Demo League,13,9
2025-10-10,Vertex Gaming,Ironclad,CS2,Demo League,13,10
2025-10-10,Ironclad,Solstice,CS2,Demo League,13,4
2025-10-10,Solstice,Kappa Squad,CS2,Demo League,13,10
2025-10-10,Solstice,Ironclad,CS2,Demo League,13,7
2025-10-10,Zenith Nine,Meridian,CS2,Demo League,13,4
2025-10-11,Nightfall,Kappa Squad,CS2,Demo League,13,7
2025-10-11,Ironclad,Nightfall,CS2,Demo League,13,11
2025-10-11,Ironclad,Kappa Squad,CS2,Demo League,13,4
2025-10-11,Vertex Gaming,Nightfall,CS2,Demo League,13,11
2025-10-11,Zenith Nine,Nightfall,CS2,Demo League,13,7
2025-10-12,Meridian,Solstice,CS2,Demo League,13,10
2025-10-12,Kappa Squad,Solstice,CS2,Demo League,13,8
2025-10-12,Vertex Gaming,Kappa Squad,CS2,Demo League,13,6
2025-10-12,Vertex Gaming,Meridian,CS2,Demo League,13,3
2025-10-12,Solstice,Nova Esports,CS2,Demo League,13,4
2025-10-13,Meridian,Vertex Gaming,CS2,Demo League,13,3
2025-10-13,Meridian,Vertex Gaming,CS2,Demo League,13,10
2025-10-13,Meridian,Nightfall,CS2,Demo League,13,4
2025-10-13,Meridian,Nightfall,CS2,Demo League,13,2
2025-10-13,Nightfall,Solstice,CS2,Demo League,13,9
2025-10-14,Nova Esports,Kappa Squad,CS2,Demo League,13,4
2025-10-14,Kappa Squad,Zenith Nine,CS2,Demo League,13,4
2025-10-14,Zenith Nine,Nova Esports,CS2,Demo League,13,4
2025-10-14,Solstice,Nightfall,CS2,Demo League,13,10
2025-10-14,Nova Esports,Kappa Squad,CS2,Demo League,13,8
2025-10-15,Meridian,Ironclad,CS2,Demo League,13,11
2025-10-15,Vertex Gaming,Meridian,CS2,Demo League,13,9
2025-10-15,Kappa Squad,Zenith Nine,CS2,Demo League,13,9
2025-10-15,Vertex Gaming,Zenith Nine,CS2,Demo League,13,4
2025-10-15,Vertex Gaming,Zenith Nine,CS2,Demo League,13,5
2025-10-16,Nova Esports,Vertex Gaming,CS2,Demo League,13,11
2025-10-16,Nova Esports,Kappa Squad,CS2,Demo League,13,5
2025-10-16,Nova Esports,Kappa Squad,CS2,Demo League,13,10
2025-10-16,Solstice,Nightfall,CS2,Demo League,13,3
2025-10-16,Zenith Nine,Meridian,CS2,Demo League,13,7
2025-10-17,Ironclad,Zenith Nine,CS2,Demo League,13,11
2025-10-17,Ironclad,Zenith Nine,CS2,Demo League,13,2
2025-10-17,Vertex Gaming,Kappa Squad,CS2,Demo League,13,2
2025-10-17,Ironclad,Nova Esports,CS2,Demo League,13,7
2025-10-17,Solstice,Ironclad,CS2,Demo League,13,8
2025-10-18,Vertex Gaming,Meridian,CS2,Demo League,13,5
2025-10-18,Vertex Gaming,Kappa Squad,CS2,Demo League,13,6
2025-10-18,Vertex Gaming,Zenith Nine,CS2,Demo League,13,11
2025-10-18,Ironclad,Zenith Nine,CS2,Demo League,13,7
2025-10-18,Vertex Gaming,Zenith Nine,CS2,Demo League,13,8
2025-10-19,Vertex Gaming,Nightfall,CS2,Demo League,13,2
2025-10-19,Vertex Gaming,Nova Esports,CS2,Demo League,13,6
2025-10-19,Solstice,Kappa Squad,CS2,Demo League,13,11
2025-10-19,Kappa Squad,Meridian,CS2,Demo League,13,5
2025-10-19,Zenith Nine,Solstice,CS2,Demo League,13,5
2025-10-20,Solstice,Vertex Gaming,CS2,Demo League,13,3
2025-10-20,Ironclad,Kappa Squad,CS2,Demo League,13,7
2025-10-20,Nova Esports,Nightfall,CS2,Demo League,13,3
2025-10-20,Zenith Nine,Nightfall,CS2,Demo League,13,9
2025-10-20,Ironclad,Kappa Squad,CS2,Demo League,13,8
2025-10-21,Kappa Squad,Solstice,CS2,Demo League,13,10
2025-10-21,Kappa Squad,Solstice,CS2,Demo League,13,5
2025-10-21,Nova Esports,Meridian,CS2,Demo League,13,7
2025-10-21,Kappa Squad,Meridian,CS2,Demo League,13,2
2025-10-21,Nova Esports,Zenith Nine,CS2,Demo League,13,7
2025-10-22,Solstice,Meridian,CS2,Demo League,13,4
2025-10-22,Meridian,Nightfall,CS2,Demo League,13,8
2025-10-22,Zenith Nine,Ironclad,CS2,Demo League,13,9
2025-10-22,Ironclad,Zenith Nine,CS2,Demo League,13,2
2025-10-22,Nova Esports,Vertex Gaming,CS2,Demo League,13,5
2025-10-23,Nova Esports,Solstice,CS2,Demo League,13,8
2025-10-23,Solstice,Kappa Squad,CS2,Demo League,13,3
2025-10-23,Nova Esports,Nightfall,CS2,Demo League,13,9
2025-10-23,Kappa Squad,Meridian,CS2,Demo League,13,10
2025-10-23,Nightfall,Zenith Nine,CS2,Demo League,13,10
2025-10-24,Vertex Gaming,Meridian,CS2,Demo League,13,4
2025-10-24,Ironclad,Solstice,CS2,Demo League,13,5
2025-10-24,Zenith Nine,Ironclad,CS2,Demo League,13,11
2025-10-24,Ironclad,Nova Esports,CS2,Demo League,13,5
2025-10-24,Kappa Squad,Nightfall,CS2,Demo League,13,8
2025-10-25,Ironclad,Zenith Nine,CS2,Demo League,13,8
2025-10-25,Vertex Gaming,Kappa Squad,CS2,Demo League,13,3
2025-10-25,Zenith Nine,Solstice,CS2,Demo League,13,9
2025-10-25,Meridian,Zenith Nine,CS2,Demo League,13,3
2025-10-25,Solstice,Nova Esports,CS2,Demo League,13,10
2025-10-26,Zenith Nine,Kappa Squad,CS2,Demo League,13,11
2025-10-26,Ironclad,Solstice,CS2,Demo League,13,11
2025-10-26,Nova Esports,Kappa Squad,CS2,Demo League,13,6
2025-10-26,Ironclad,Nightfall,CS2,Demo League,13,9
2025-10-26,Solstice,Zenith Nine,CS2,Demo League,13,2
2025-10-27,Meridian,Nova Esports,CS2,Demo League,13,5
2025-10-27,Meridian,Zenith Nine,CS2,Demo League,13,2
2025-10-27,Solstice,Nightfall,CS2,Demo League,13,4
2025-10-27,Vertex Gaming,Kappa Squad,CS2,Demo League,13,10
2025-10-27,Ironclad,Meridian,CS2,Demo League,13,5
2025-10-28,Ironclad,Nightfall,CS2,Demo League,13,11
2025-10-28,Meridian,Nightfall,CS2,Demo League,13,11
2025-10-28,Ironclad,Nova Esports,CS2,Demo League,13,2
2025-10-28,Vertex Gaming,Kappa Squad,CS2,Demo League,13,11
2025-10-28,Solstice,Ironclad,CS2,Demo League,13,10
2025-10-29,Kappa Squad,Solstice,CS2,Demo League,13,10
2025-10-29,Nova Esports,Meridian,CS2,Demo League,13,6
2025-10-29,Solstice,Ironclad,CS2,Demo League,13,7
2025-10-29,Nova Esports,Zenith Nine,CS2,Demo League,13,5
2025-10-29,Kappa Squad,Ironclad,CS2,Demo League,13,4
2025-10-30,Solstice,Vertex Gaming,CS2,Demo League,13,3
2025-10-30,Meridian,Ironclad,CS2,Demo League,13,6
2025-10-30,Meridian,Vertex Gaming,CS2,Demo League,13,5
2025-10-30,Ironclad,Nova Esports,CS2,Demo League,13,4
2025-10-30,Nova Esports,Ironclad,CS2,Demo League,13,9
2025-10-31,Vertex Gaming,Nightfall,CS2,Demo League,13,11
2025-10-31,Ironclad,Kappa Squad,CS2,Demo League,13,5
2025-10-31,Kappa Squad,Ironclad,CS2,Demo League,13,11
2025-10-31,Vertex Gaming,Nightfall,CS2,Demo League,13,11
2025-10-31,Solstice,Nightfall,CS2,Demo League,13,6
2025-11-01,Vertex Gaming,Kappa Squad,CS2,Demo League,13,11
2025-11-01,Nova Esports,Solstice,CS2,Demo League,13,9
2025-11-01,Vertex Gaming,Nightfall,CS2,Demo League,13,6
2025-11-01,Kappa Squad,Vertex Gaming,CS2,Demo League,13,4
2025-11-01,Vertex Gaming,Nova Esports,CS2,Demo League,13,7
2025-11-02,Vertex Gaming,Zenith Nine,CS2,Demo League,13,5
2025-11-02,Meridian,Nightfall,CS2,Demo League,13,10
2025-11-02,Nova Esports,Kappa Squad,CS2,Demo League,13,2
2025-11-02,Solstice,Kappa Squad,CS2,Demo League,13,6
2025-11-02,Ironclad,Nightfall,CS2,Demo League,13,11
2025-11-03,Nova Esports,Nightfall,CS2,Demo League,13,8
2025-11-03,Nova Esports,Solstice,CS2,Demo League,13,8
2025-11-03,Meridian,Vertex Gaming,CS2,Demo League,13,11
2025-11-03,Nightfall,Solstice,CS2,Demo League,13,11
2025-11-03,Zenith Nine,Vertex Gaming,CS2,Demo League,13,3
2025-11-04,Nova Esports,Nightfall,CS2,Demo League,13,8
2025-11-04,Solstice,Vertex Gaming,CS2,Demo League,13,3
2025-11-04,Zenith Nine,Nova Esports,CS2,Demo League,13,7
2025-11-04,Nova Esports,Vertex Gaming,CS2,Demo League,13,4
2025-11-04,Meridian,Zenith Nine,CS2,Demo League,13,3
2025-11-05,Solstice,Kappa Squad,CS2,Demo League,13,8
2025-11-05,Vertex Gaming,Kappa Squad,CS2,Demo League,13,3
2025-11-05,Meridian,Zenith Nine,CS2,Demo League,13,5
2025-11-05,Ironclad,Solstice,CS2,Demo League,13,10
2025-11-05,Vertex Gaming,Solstice,CS2,Demo League,13,10
2025-11-06,Zenith Nine,Meridian,CS2,Demo League,13,4
2025-11-06,Ironclad,Solstice,CS2,Demo League,13,4
2025-11-06,Meridian,Zenith Nine,CS2,Demo League,13,11
2025-11-06,Nightfall,Meridian,CS2,Demo League,13,4
2025-11-06,Vertex Gaming,Nightfall,CS2,Demo League,13,8
2025-11-07,Solstice,Nova Esports,CS2,Demo League,13,3
2025-11-07,Solstice,Kappa Squad,CS2,Demo League,13,9
2025-11-07,Kappa Squad,Vertex Gaming,CS2,Demo League,13,5
2025-11-07,Zenith Nine,Solstice,CS2,Demo League,13,8
2025-11-07,Vertex Gaming,Kappa Squad,CS2,Demo League,13,4
2025-11-08,Vertex Gaming,Zenith Nine,CS2,Demo League,13,11
2025-11-08,Meridian,Nova Esports,CS2,Demo League,13,11
2025-11-08,Ironclad,Zenith Nine,CS2,Demo League,13,10
2025-11-08,Nova Esports,Zenith Nine,CS2,Demo League,13,6
2025-11-08,Vertex Gaming,Kappa Squad,CS2,Demo League,13,7
2025-11-09,Kappa Squad,Vertex Gaming,CS2,Demo League,13,6
2025-11-09,Meridian,Zenith Nine,CS2,Demo League,13,4
2025-11-09,Meridian,Zenith Nine,CS2,Demo League,13,5
2025-11-09,Meridian,Nightfall,CS2,Demo League,13,7
2025-11-09,Nova Esports,Vertex Gaming,CS2,Demo League,13,9
2025-11-10,Meridian,Vertex Gaming,CS2,Demo League,13,10
2025-11-10,Meridian,Nightfall,CS2,Demo League,13,3
2025-11-10,Solstice,Meridian,CS2,Demo League,13,9
2025-11-10,Nova Esports,Vertex Gaming,CS2,Demo League,13,4
2025-11-10,Kappa Squad,Vertex Gaming,CS2,Demo League,13,11
2025-11-11,Solstice,Meridian,CS2,Demo League,13,3
2025-11-11,Nova Esports,Zenith Nine,CS2,Demo League,13,5
2025-11-11,Zenith Nine,Nightfall,CS2,Demo League,13,2
2025-11-11,Nova Esports,Kappa Squad,CS2,Demo League,13,6
2025-11-11,Ironclad,Kappa Squad,CS2,Demo League,13,8
2025-11-12,Solstice,Nightfall,CS2,Demo League,13,4
2025-11-12,Solstice,Nova Esports,CS2,Demo League,13,8
2025-11-12,Vertex Gaming,Meridian,CS2,Demo League,13,4
2025-11-12,Vertex Gaming,Ironclad,CS2,Demo League,13,10
2025-11-12,Nova Esports,Meridian,CS2,Demo League,13,5
2025-11-13,Meridian,Zenith Nine,CS2,Demo League,13,11
2025-11-13,Nova Esports,Kappa Squad,CS2,Demo League,13,8
2025-11-13,Solstice,Ironclad,CS2,Demo League,13,2
2025-11-13,Nova Esports,Nightfall,CS2,Demo League,13,8
2025-11-13,Meridian,Zenith Nine,CS2,Demo League,13,5
2025-11-14,Nova Esports,Nightfall,CS2,Demo League,13,3
2025-11-14,Meridian,Zenith Nine,CS2,Demo League,13,11
2025-11-14,Vertex Gaming,Kappa Squad,CS2,Demo League,13,6
2025-11-14,Vertex Gaming,Nova Esports,CS2,Demo League,13,2
2025-11-14,Nova Esports,Ironclad,CS2,Demo League,13,8
2025-11-15,Nightfall,Meridian,CS2,Demo League,13,4
2025-11-15,Nova Esports,Kappa Squad,CS2,Demo League,13,8
2025-11-15,Meridian,Zenith Nine,CS2,Demo League,13,7
2025-11-15,Solstice,Vertex Gaming,CS2,Demo League,13,2
2025-11-15,Ironclad,Kappa Squad,CS2,Demo League,13,6
2025-11-16,Nightfall,Vertex Gaming,CS2,Demo League,13,6
2025-11-16,Meridian,Vertex Gaming,CS2,Demo League,13,9
2025-11-16,Vertex Gaming,Meridian,CS2,Demo League,13,7
2025-11-16,Vertex Gaming,Zenith Nine,CS2,Demo League,13,2
2025-11-16,Zenith Nine,Ironclad,CS2,Demo League,13,11
2025-11-17,Ironclad,Nightfall,CS2,Demo League,13,5
2025-11-17,Nightfall,Ironclad,CS2,Demo League,13,11
2025-11-17,Nightfall,Solstice,CS2,Demo League,13,8
2025-11-17,Meridian,Zenith Nine,CS2,Demo League,13,11
2025-11-17,Nova Esports,Zenith Nine,CS2,Demo League,13,10
2025-11-18,Nova Esports,Meridian,CS2,Demo League,13,4
2025-11-18,Solstice,Nightfall,CS2,Demo League,13,9
2025-11-18,Zenith Nine,Meridian,CS2,Demo League,13,6
2025-11-18,Ironclad,Kappa Squad,CS2,Demo League,13,8
2025-11-18,Zenith Nine,Kappa Squad,CS2,Demo League,13,7
2025-11-19,Solstice,Zenith Nine,CS2,Demo League,13,8
2025-11-19,Nova Esports,Meridian,CS2,Demo League,13,4
2025-11-19,Nova Esports,Meridian,CS2,Demo League,13,10
2025-11-19,Kappa Squad,Meridian,CS2,Demo League,13,4
2025-11-19,Solstice,Ironclad,CS2,Demo League,13,10
2025-11-20,Nightfall,Solstice,CS2,Demo League,13,10
2025-11-20,Nightfall,Meridian,CS2,Demo League,13,9
2025-11-20,Solstice,Ironclad,CS2,Demo League,13,11
2025-11-20,Vertex Gaming,Ironclad,CS2,Demo League,13,8
2025-11-20,Nightfall,Nova Esports,CS2,Demo League,13,3
2025-11-21,Ironclad,Zenith Nine,CS2,Demo League,13,5
2025-11-21,Ironclad,Nightfall,CS2,Demo League,13,11
2025-11-21,Vertex Gaming,Meridian,CS2,Demo League,13,4
2025-11-21,Solstice,Zenith Nine,CS2,Demo League,13,5
2025-11-21,Kappa Squad,Nightfall,CS2,Demo League,13,11
